item,arm,answered_by,experiment,repeat
S001,Mistral-Nemo-Instruct-2407|T0|p1|guided3,,e10b,9
S002,Mistral-Nemo-Instruct-2407|T0|p1|guided2,,e10b,7
S003,Mistral-Nemo-Instruct-2407|T0|p1|guided3,,e10b,5
S004,Mistral-Nemo-Instruct-2407|T0|p1|guided3|gate,,e10b,1
S005,Mistral-Nemo-Instruct-2407|T0|p1|guided3|gate,,e10b,1
S006,Mistral-Nemo-Instruct-2407|T0|p1|guided3,,e10b,0
S007,Mistral-Nemo-Instruct-2407|T0|p1|guided3,,e10b,1
S008,Mistral-Nemo-Instruct-2407|T0|p1|guided3|gate,,e10b,0
S009,Mistral-Nemo-Instruct-2407|T0|p1|guided3,,e10b,6
S010,Mistral-Nemo-Instruct-2407|T0|p1|guided3|gate,,e10b,1
S011,Mistral-Nemo-Instruct-2407|T0|p1|guided3|gate,,e10b,0
S012,Mistral-Nemo-Instruct-2407|T0|p1|guided3,,e10b,4
S013,Mistral-Nemo-Instruct-2407|T0|p1|guided3|gate,,e10b,7
S014,Mistral-Nemo-Instruct-2407|T0|p1|guided2,,e10b,6
S015,Mistral-Nemo-Instruct-2407|T0|p1|guided2,,e10b,6
S016,Mistral-Nemo-Instruct-2407|T0|p1|guided3,,e10b,9
S017,Mistral-Nemo-Instruct-2407|T0|p1|guided2,,e10b,3
S018,Mistral-Nemo-Instruct-2407|T0|p1|guided3,,e10b,3
S019,Mistral-Nemo-Instruct-2407|T0|p1|guided3,,e10b,6
S020,Mistral-Nemo-Instruct-2407|T0|p1|guided2,,e10b,5
S021,Mistral-Nemo-Instruct-2407|T0|p1|guided3|gate,,e10b,3
S022,Mistral-Nemo-Instruct-2407|T0|p1|guided3,,e10b,9
S023,Mistral-Nemo-Instruct-2407|T0|p1|guided2,,e10b,4
S024,Mistral-Nemo-Instruct-2407|T0|p1|guided3|gate,,e10b,0
S025,Mistral-Nemo-Instruct-2407|T0|p1|guided3,,e10b,0
S026,Mistral-Nemo-Instruct-2407|T0|p1|guided2,,e10b,0
S027,Mistral-Nemo-Instruct-2407|T0|p1|guided3,,e10b,3
S028,Mistral-Nemo-Instruct-2407|T0|p1|guided2,,e10b,5
S029,Mistral-Nemo-Instruct-2407|T0|p1|guided3|gate,,e10b,1
S030,Mistral-Nemo-Instruct-2407|T0|p1|guided3|gate,,e10b,0
S031,Mistral-Nemo-Instruct-2407|T0|p1|guided2,,e10b,8
S032,Mistral-Nemo-Instruct-2407|T0|p1|guided3|gate,,e10b,9
S033,Mistral-Nemo-Instruct-2407|T0|p1|guided3|gate,,e10b,9
S034,Mistral-Nemo-Instruct-2407|T0|p1|guided3,,e10b,7
S035,Mistral-Nemo-Instruct-2407|T0|p1|guided3|gate,,e10b,6
S036,Mistral-Nemo-Instruct-2407|T0|p1|guided2,,e10b,1
S037,Mistral-Nemo-Instruct-2407|T0|p1|guided3|gate,,e10b,5
S038,Mistral-Nemo-Instruct-2407|T0|p1|guided3|gate,,e10b,8
S039,Mistral-Nemo-Instruct-2407|T0|p1|guided3|gate,,e10b,4
S040,Mistral-Nemo-Instruct-2407|T0|p1|guided3|gate,,e10b,4
S041,Mistral-Nemo-Instruct-2407|T0|p1|guided2,,e10b,9
S042,Mistral-Nemo-Instruct-2407|T0|p1|guided3,,e10b,1
S043,Mistral-Nemo-Instruct-2407|T0|p1|guided2,,e10b,5
S044,Mistral-Nemo-Instruct-2407|T0|p1|guided2,,e10b,9
S045,Mistral-Nemo-Instruct-2407|T0|p1|guided2,,e10b,4
S046,Mistral-Nemo-Instruct-2407|T0|p1|guided3|gate,,e10b,9
S047,Mistral-Nemo-Instruct-2407|T0|p1|guided3|gate,,e10b,8
S048,Mistral-Nemo-Instruct-2407|T0|p1|guided2,,e10b,0
S049,Mistral-Nemo-Instruct-2407|T0|p1|guided3,,e10b,3
S050,Mistral-Nemo-Instruct-2407|T0|p1|guided3,,e10b,3
S051,Mistral-Nemo-Instruct-2407|T0|p1|guided2,,e10b,3
S052,Mistral-Nemo-Instruct-2407|T0|p1|guided3|gate,,e10b,7
S053,Mistral-Nemo-Instruct-2407|T0|p1|guided3,,e10b,4
S054,Mistral-Nemo-Instruct-2407|T0|p1|guided2,,e10b,3
S055,Mistral-Nemo-Instruct-2407|T0|p1|guided3,,e10b,6
S056,Mistral-Nemo-Instruct-2407|T0|p1|guided3|gate,,e10b,3
S057,Mistral-Nemo-Instruct-2407|T0|p1|guided3,,e10b,7
S058,Mistral-Nemo-Instruct-2407|T0|p1|guided2,,e10b,0
S059,Mistral-Nemo-Instruct-2407|T0|p1|guided3|gate,,e10b,6
S060,Mistral-Nemo-Instruct-2407|T0|p1|guided2,,e10b,4
S061,Mistral-Nemo-Instruct-2407|T0|p1|guided3|gate,,e10b,0
S062,Mistral-Nemo-Instruct-2407|T0|p1|guided2,,e10b,5
S063,Mistral-Nemo-Instruct-2407|T0|p1|guided3|gate,,e10b,3
S064,Mistral-Nemo-Instruct-2407|T0|p1|guided2,,e10b,1
S065,Mistral-Nemo-Instruct-2407|T0|p1|guided3,,e10b,5
S066,Mistral-Nemo-Instruct-2407|T0|p1|guided2,,e10b,6
S067,Mistral-Nemo-Instruct-2407|T0|p1|guided3|gate,,e10b,1
S068,Mistral-Nemo-Instruct-2407|T0|p1|guided3,,e10b,9
S069,Mistral-Nemo-Instruct-2407|T0|p1|guided2,,e10b,2
S070,Mistral-Nemo-Instruct-2407|T0|p1|guided3,,e10b,6
S071,Mistral-Nemo-Instruct-2407|T0|p1|guided3|gate,,e10b,9
S072,Mistral-Nemo-Instruct-2407|T0|p1|guided3,,e10b,1
S073,Mistral-Nemo-Instruct-2407|T0|p1|guided3,,e10b,2
S074,Mistral-Nemo-Instruct-2407|T0|p1|guided3|gate,,e10b,6
S075,Mistral-Nemo-Instruct-2407|T0|p1|guided2,,e10b,3
S076,Mistral-Nemo-Instruct-2407|T0|p1|guided3,,e10b,7
S077,Mistral-Nemo-Instruct-2407|T0|p1|guided3|gate,,e10b,2
S078,Mistral-Nemo-Instruct-2407|T0|p1|guided2,,e10b,9
S079,Mistral-Nemo-Instruct-2407|T0|p1|guided2,,e10b,5
S080,Mistral-Nemo-Instruct-2407|T0|p1|guided3,,e10b,7
S081,Mistral-Nemo-Instruct-2407|T0|p1|guided3|gate,,e10b,7
S082,Mistral-Nemo-Instruct-2407|T0|p1|guided2,,e10b,9
S083,Mistral-Nemo-Instruct-2407|T0|p1|guided2,,e10b,3
S084,Mistral-Nemo-Instruct-2407|T0|p1|guided3|gate,,e10b,8
S085,Mistral-Nemo-Instruct-2407|T0|p1|guided3,,e10b,7
S086,Mistral-Nemo-Instruct-2407|T0|p1|guided2,,e10b,4
S087,Mistral-Nemo-Instruct-2407|T0|p1|guided3,,e10b,8
S088,Mistral-Nemo-Instruct-2407|T0|p1|guided3|gate,,e10b,0
S089,Mistral-Nemo-Instruct-2407|T0|p1|guided3,,e10b,6
S090,Mistral-Nemo-Instruct-2407|T0|p1|guided3|gate,,e10b,9
S091,Mistral-Nemo-Instruct-2407|T0|p1|guided3,,e10b,6
S092,Mistral-Nemo-Instruct-2407|T0|p1|guided3,,e10b,2
S093,Mistral-Nemo-Instruct-2407|T0|p1|guided3|gate,,e10b,3
S094,Mistral-Nemo-Instruct-2407|T0|p1|guided3,,e10b,2
S095,Mistral-Nemo-Instruct-2407|T0|p1|guided2,,e10b,0
S096,Mistral-Nemo-Instruct-2407|T0|p1|guided2,,e10b,6
S097,Mistral-Nemo-Instruct-2407|T0|p1|guided3|gate,,e10b,4
S098,Mistral-Nemo-Instruct-2407|T0|p1|guided3,,e10b,4
S099,Mistral-Nemo-Instruct-2407|T0|p1|guided3|gate,,e10b,7
S100,Mistral-Nemo-Instruct-2407|T0|p1|guided3,,e10b,4
S101,Mistral-Nemo-Instruct-2407|T0|p1|guided2,,e10b,1
S102,Mistral-Nemo-Instruct-2407|T0|p1|guided3|gate,,e10b,0
S103,Mistral-Nemo-Instruct-2407|T0|p1|guided3|gate,,e10b,2
S104,Mistral-Nemo-Instruct-2407|T0|p1|guided3,,e10b,0
S105,Mistral-Nemo-Instruct-2407|T0|p1|guided2,,e10b,3
S106,Mistral-Nemo-Instruct-2407|T0|p1|guided3,,e10b,9
S107,Mistral-Nemo-Instruct-2407|T0|p1|guided3,,e10b,6
S108,Mistral-Nemo-Instruct-2407|T0|p1|guided2,,e10b,5
S109,Mistral-Nemo-Instruct-2407|T0|p1|guided3|gate,,e10b,0
S110,Mistral-Nemo-Instruct-2407|T0|p1|guided3,,e10b,4
S111,Mistral-Nemo-Instruct-2407|T0|p1|guided3|gate,,e10b,1
S112,Mistral-Nemo-Instruct-2407|T0|p1|guided3,,e10b,8
S113,Mistral-Nemo-Instruct-2407|T0|p1|guided3|gate,,e10b,4
S114,Mistral-Nemo-Instruct-2407|T0|p1|guided3,,e10b,3
S115,Mistral-Nemo-Instruct-2407|T0|p1|guided2,,e10b,8
S116,Mistral-Nemo-Instruct-2407|T0|p1|guided3,,e10b,6
S117,Mistral-Nemo-Instruct-2407|T0|p1|guided3|gate,,e10b,1
S118,Mistral-Nemo-Instruct-2407|T0|p1|guided3,,e10b,0
S119,Mistral-Nemo-Instruct-2407|T0|p1|guided3,,e10b,9
S120,Mistral-Nemo-Instruct-2407|T0|p1|guided3,,e10b,8
S121,Mistral-Nemo-Instruct-2407|T0|p1|guided3,,e10b,7
S122,Mistral-Nemo-Instruct-2407|T0|p1|guided2,,e10b,9
S123,Mistral-Nemo-Instruct-2407|T0|p1|guided3,,e10b,8
S124,Mistral-Nemo-Instruct-2407|T0|p1|guided2,,e10b,2
S125,Mistral-Nemo-Instruct-2407|T0|p1|guided3|gate,,e10b,6
S126,Mistral-Nemo-Instruct-2407|T0|p1|guided3|gate,,e10b,5
S127,Mistral-Nemo-Instruct-2407|T0|p1|guided3,,e10b,3
S128,Mistral-Nemo-Instruct-2407|T0|p1|guided2,,e10b,8
S129,Mistral-Nemo-Instruct-2407|T0|p1|guided3|gate,,e10b,5
S130,Mistral-Nemo-Instruct-2407|T0|p1|guided3|gate,,e10b,1
S131,Mistral-Nemo-Instruct-2407|T0|p1|guided2,,e10b,7
S132,Mistral-Nemo-Instruct-2407|T0|p1|guided2,,e10b,8
S133,Mistral-Nemo-Instruct-2407|T0|p1|guided3,,e10b,3
S134,Mistral-Nemo-Instruct-2407|T0|p1|guided2,,e10b,4
S135,Mistral-Nemo-Instruct-2407|T0|p1|guided3,,e10b,3
S136,Mistral-Nemo-Instruct-2407|T0|p1|guided2,,e10b,7
S137,Mistral-Nemo-Instruct-2407|T0|p1|guided2,,e10b,0
S138,Mistral-Nemo-Instruct-2407|T0|p1|guided3|gate,,e10b,3
S139,Mistral-Nemo-Instruct-2407|T0|p1|guided3|gate,,e10b,7
S140,Mistral-Nemo-Instruct-2407|T0|p1|guided3|gate,,e10b,6
S141,Mistral-Nemo-Instruct-2407|T0|p1|guided3,,e10b,5
S142,Mistral-Nemo-Instruct-2407|T0|p1|guided2,,e10b,1
S143,Mistral-Nemo-Instruct-2407|T0|p1|guided2,,e10b,8
S144,Mistral-Nemo-Instruct-2407|T0|p1|guided3|gate,,e10b,3
S145,Mistral-Nemo-Instruct-2407|T0|p1|guided2,,e10b,2
S146,Mistral-Nemo-Instruct-2407|T0|p1|guided2,,e10b,2
S147,Mistral-Nemo-Instruct-2407|T0|p1|guided2,,e10b,8
S148,Mistral-Nemo-Instruct-2407|T0|p1|guided2,,e10b,5
S149,Mistral-Nemo-Instruct-2407|T0|p1|guided2,,e10b,3
S150,Mistral-Nemo-Instruct-2407|T0|p1|guided3|gate,,e10b,7
