item,case_id,rule_id,status,engine_explanation,evidence,corrective_action,model,used_fallback,answer,correct_finding,correct_evidence,correct_rule,appropriate_action,honest_uncertainty,unsupported_facts,notes
G001,FZ-12,R003,UNABLE_TO_ASSESS,coverage period,"/coverage/status = ""active""; /coverage/start_date = ""2026-01-01""; /coverage/end_date = null; /lines/0/service_date = ""2026-06-02""",Verify coverage applicable on the service date with the source records.,gemma3:4b,False,Rule R003 failed because coverage period. The evidence shows coverage/status is active and /coverage/start_date is 2026-01-01 and /lines/0/service_date is 2026-06-02. Verify coverage applicable on the service date with the source records.,,,,,,,
G002,FW-01,R002,FAIL,Service date is after the submission date.,"/submission_date = ""2026-04-17""; /lines/0/service_date = ""2026-04-18""; /lines/1/service_date = ""2026-04-18""; /lines/2/service_date = ""2026-04-18""",Verify and correct dates against the original record.,gemma3:4b,False,Rule R002 failed because service date is after the submission date. The evidence shows /submission_date is 2026-04-17 and /lines/0/service_date is 2026-04-18. Verify and correct dates against the original record.,,,,,,,
G003,FZ-02,R004,FAIL,Patient or member identifiers do not match coverage.,"/patient_id = ""PAT-BEED73B851""; /coverage/beneficiary_patient_id = ""PAT-BEED73B851""; /member_id = ""MEM-BEED73B851""; /coverage/member_id = ""MEM-MISMATCH""",Resolve the patient/member mismatch using the authoritative records.,gemma3:4b,False,"Rule R004 failed because patient_id does not equal coverage.beneficiary_patient_id and member_id does not equal coverage.member_id. The evidence shows patient_id is PAT-BEED73B851, coverage.beneficiary_patient_id is PAT-BEED73B851, member_id is MEM-BEED73B851 and coverage.member_id is MEM-MISMATCH. Resolve the patient/member mismatch using the authoritative records.",,,,,,,
G004,FW-03,R005,FAIL,Provider is not in the allowed network.,"/provider_id = ""EDU-PROV-OUT""; /policy_id = ""EDU-BASIC""",Verify provider identity and the applicable fictional network list.,gemma3:4b,False,Rule R005 failed because provider_id is EDU-PROV-OUT. The evidence shows /provider_id is EDU-PROV-OUT and /policy_id is EDU-BASIC. Verify provider identity and the applicable fictional network list.,,,,,,,
G005,FX-08,R012,FAIL,Claim total does not equal the sum of line amounts.,/total_amount = 265; /lines/0/net_amount = 240,Reconcile the claim total with the submitted line amounts.,gemma3:4b,False,Rule R012 failed because claim total does not equal the sum of line amounts. The evidence shows /total_amount is 265 and /lines/0/net_amount is 240. Reconcile the claim total with the submitted line amounts.,,,,,,,
G006,FX-07,R011,FAIL,Service code is not in the fictional catalogue.,"/lines/0/service_code = ""SVC-UNLISTED""",Verify the intended code against the supplied teaching catalogue.,gemma3:4b,False,Rule R011 failed because service code is not in the fictional catalogue. The evidence shows /lines/0/service_code is SVC-UNLISTED. Verify the intended code against the supplied teaching catalogue.,,,,,,,
G007,FX-09,R014,FAIL,Submission window exceeded.,"/submission_date = ""2026-07-16""; /policy_id = ""EDU-BASIC""; /lines/0/service_date = ""2026-06-15""",Review the submission dates and any exception with a human reviewer.,gemma3:4b,False,Rule R014 failed because submission_date minus the latest service_date must be <= policy.submission_window_days. The evidence shows submission_date is 2026-07-16 and service_date is 2026-06-15. Review the submission dates and any exception with a human reviewer.,,,,,,,
G008,FZ-07,R011,FAIL,Service code is not in the fictional catalogue.,"/lines/0/service_code = ""SVC-UNLISTED""",Verify the intended code against the supplied teaching catalogue.,gemma3:4b,False,Rule R011 failed because service code is not in the fictional catalogue. The evidence shows that /lines/0/service_code is SVC-UNLISTED. Verify the intended code against the supplied teaching catalogue.,,,,,,,
G009,FX-01,R002,FAIL,Service date is after the submission date.,"/submission_date = ""2026-03-05""; /lines/0/service_date = ""2026-03-06""",Verify and correct dates against the original record.,gemma3:4b,False,Rule R002 failed because service date is after the submission date. The evidence shows submission_date is 2026-03-05 and service_date is 2026-03-06. Verify and correct dates against the original record.,,,,,,,
G010,FW-10,R010,UNABLE_TO_ASSESS,Only draft or uncertain matching documentation is available.,"/attachments = [{""attachment_id"": ""DOC-CG-EA67D7790FF1-1"", ""type"": ""imaging-report"", ""patient_id"": ""PAT-A540569664"", ""service_code"": ""SVC-IMAGE"", ""service_date"": ""2026-03-20"", ""document_status"": ""draft"", ""text"": ""SYNTHETIC: SVC-IMAGE completed on 2026-03-20; record for training only.""}]; /lines/0/service_code = ""SVC-IMAGE""; /lines/0/service_date = ""2026-03-20""",Request the correct final supporting document or send the draft for human review.,gemma3:4b,False,"Rule R010 failed because only draft or uncertain matching documentation is available. The evidence shows /attachments contains one attachment with attachment_id DOC-CG-EA67D7790FF1, type imaging-report, patient_id PAT-A540569664, service_code SVC-IMAGE and service_date 2026-03-20. Request the correct final supporting document or send the draft for human review.",,,,,,,
G011,FW-11,R003,UNABLE_TO_ASSESS,coverage period,"/coverage/status = ""active""; /coverage/start_date = ""2026-01-01""; /coverage/end_date = null; /lines/0/service_date = ""2026-05-09""; /lines/1/service_date = ""2026-05-09""",Verify coverage applicable on the service date with the source records.,gemma3:4b,False,Rule R003 failed because coverage period. The evidence shows coverage/status is active and /lines/0/service_date is 2026-05-09. Verify coverage applicable on the service date with the source records.,,,,,,,
G012,FW-04,R006,FAIL,Possible duplicate lines require review.,"/lines/0/service_code = ""SVC-LAB""; /lines/0/service_date = ""2026-05-08""; /lines/0/modifier = null; /lines/2/service_code = ""SVC-LAB""; /lines/2/service_date = ""2026-05-08""; /lines/2/modifier = null",Ask the reviewer whether repeated lines represent separate documented services.,gemma3:4b,False,"Rule R006 failed because possible duplicate lines require review. The evidence shows /lines/0/service_code is SVC-LAB and /lines/0/service_date is 2026-05-08, and /lines/2/service_code is SVC-LAB and /lines/2/service_date is 2026-05-08. Ask the reviewer whether repeated lines represent separate documented services.",,,,,,,
G013,FZ-10,R013,FAIL,Quantity or unit price violates the fictional limits.,"/lines/0/quantity = 1; /lines/0/unit_price = 2210; /lines/0/service_code = ""SVC-IMAGE""",Verify the billed quantity and price against the fictional limits.,gemma3:4b,False,Rule R013 failed because Quantity or unit price violates the fictional limits. The evidence shows /lines/0/quantity is 1 and /lines/0/unit_price is 2210. Verify the billed quantity and price against the fictional limits.,,,,,,,
G014,FX-12,R003,UNABLE_TO_ASSESS,coverage period,"/coverage/status = ""active""; /coverage/start_date = ""2026-01-01""; /coverage/end_date = null; /lines/0/service_date = ""2026-03-21""",Verify coverage applicable on the service date with the source records.,gemma3:4b,False,Rule R003 failed because coverage period. The evidence shows coverage/status is active and /lines/0/service_date is 2026-03-21. Verify coverage applicable on the service date with the source records.,,,,,,,
G015,FX-11,R010,UNABLE_TO_ASSESS,Policy is unknown.,"/policy_id = ""EDU-NO-POLICY""",Request the correct final supporting document or send the draft for human review.,gemma3:4b,False,Rule R010 failed because Policy is unknown. The evidence shows policy_id is EDU-NO-POLICY. Request the correct final supporting document or send the draft for human review.,,,,,,,
G016,FZ-11,R010,UNABLE_TO_ASSESS,Policy is unknown.,"/policy_id = ""EDU-NO-POLICY""",Request the correct final supporting document or send the draft for human review.,gemma3:4b,False,Rule R010 failed because Policy is unknown. The evidence shows policy_id is EDU-NO-POLICY. Request the correct final supporting document or send the draft for human review.,,,,,,,
G017,FW-08,R014,FAIL,Submission window exceeded.,"/submission_date = ""2026-06-28""; /policy_id = ""EDU-BASIC""; /lines/0/service_date = ""2026-05-28""",Review the submission dates and any exception with a human reviewer.,gemma3:4b,False,Rule R014 failed because submission_date minus the latest service_date must be <= policy.submission_window_days. The evidence shows submission_date is 2026-06-28 and service_date is 2026-05-28. Review the submission dates and any exception with a human reviewer.,,,,,,,
G018,FX-02,R004,FAIL,Patient or member identifiers do not match coverage.,"/patient_id = ""PAT-300E4DEE4C""; /coverage/beneficiary_patient_id = ""PAT-300E4DEE4C""; /member_id = ""MEM-300E4DEE4C""; /coverage/member_id = ""MEM-MISMATCH""",Resolve the patient/member mismatch using the authoritative records.,gemma3:4b,False,"Rule R004 failed because patient_id does not equal coverage.beneficiary_patient_id and member_id does not equal coverage.member_id. The evidence shows patient_id is PAT-300E4DEE4C, coverage.beneficiary_patient_id is PAT-300E4DEE4C, member_id is MEM-300E4DEE4C and coverage.member_id is MEM-MISMATCH. Resolve the patient/member mismatch using the authoritative records.",,,,,,,
G019,FZ-06,R009,FAIL,Authorization record does not match the service.,"/policy_id = ""EDU-PLUS""; /lines/0/service_code = ""SVC-THERAPY""; /lines/0/authorization_id = ""AUTH-CG-D69892CD516E-1""; /lines/0/service_date = ""2026-05-14""","Obtain or verify the applicable approval and its dates, service and quantity.",gemma3:4b,False,"Rule R009 failed because Authorization record does not match the service. The evidence shows policy_id is EDU-PLUS, service_code is SVC-THERAPY, authorization_id is AUTH-CG-D69892CD516E-1 and service_date is 2026-05-14. Obtain or verify the applicable approval and its dates, service and quantity.",,,,,,,
G020,FX-03,R005,FAIL,Provider is not in the allowed network.,"/provider_id = ""EDU-PROV-OUT""; /policy_id = ""EDU-BASIC""",Verify provider identity and the applicable fictional network list.,gemma3:4b,False,Rule R005 failed because provider_id is EDU-PROV-OUT. The evidence shows /provider_id is EDU-PROV-OUT and /policy_id is EDU-BASIC. Verify provider identity and the applicable fictional network list.,,,,,,,
G021,FX-05,R008,FAIL,Required authorization reference is missing.,"/lines/0/service_code = ""SVC-IMAGE""; /lines/0/authorization_id = null",Request the authorization reference or escalate its absence.,gemma3:4b,False,Rule R008 failed because the required authorization reference is missing. The evidence shows /lines/0/service_code is SVC-IMAGE and /lines/0/authorization_id is null. Request the authorization reference or escalate its absence.,,,,,,,
G022,FX-10,R013,FAIL,Quantity or unit price violates the fictional limits.,"/lines/0/quantity = 1.5; /lines/0/unit_price = 1520; /lines/0/service_code = ""SVC-IMAGE""; /lines/1/quantity = 1; /lines/1/unit_price = 400; /lines/1/service_code = ""SVC-DENTAL""",Verify the billed quantity and price against the fictional limits.,gemma3:4b,False,Rule R013 failed because Quantity or unit price violates the fictional limits. The evidence shows /lines/0/quantity is 1.5 and /lines/0/unit_price is 1520. Verify the billed quantity and price against the fictional limits.,,,,,,,
G023,FZ-03,R005,FAIL,Provider is not in the allowed network.,"/provider_id = ""EDU-PROV-OUT""; /policy_id = ""EDU-BASIC""",Verify provider identity and the applicable fictional network list.,gemma3:4b,False,Rule R005 failed because provider_id is EDU-PROV-OUT. The evidence shows provider_id is EDU-PROV-OUT and policy_id is EDU-BASIC. Verify provider identity and the applicable fictional network list.,,,,,,,
G024,FX-04,R006,FAIL,Possible duplicate lines require review.,"/lines/0/service_code = ""SVC-CONSULT""; /lines/0/service_date = ""2026-06-18""; /lines/0/modifier = null; /lines/3/service_code = ""SVC-CONSULT""; /lines/3/service_date = ""2026-06-18""; /lines/3/modifier = null",Ask the reviewer whether repeated lines represent separate documented services.,gemma3:4b,False,"Rule R006 failed because Possible duplicate lines require review. The evidence shows /lines/0/service_code is SVC-CONSULT and /lines/0/service_date is 2026-06-18, and /lines/3/service_code is SVC-CONSULT and /lines/3/service_date is 2026-06-18. Ask the reviewer whether repeated lines represent separate documented services.",,,,,,,
G025,FW-07,R012,FAIL,Claim total does not equal the sum of line amounts.,/total_amount = 225; /lines/0/net_amount = 200,Reconcile the claim total with the submitted line amounts.,gemma3:4b,False,Rule R012 failed because claim total does not equal the sum of line amounts. The evidence shows /total_amount is 225 and /lines/0/net_amount is 200. Reconcile the claim total with the submitted line amounts.,,,,,,,
G026,FZ-08,R012,FAIL,Claim total does not equal the sum of line amounts.,/total_amount = 425; /lines/0/net_amount = 400,Reconcile the claim total with the submitted line amounts.,gemma3:4b,False,Rule R012 failed because claim total does not equal the sum of line amounts. The evidence shows /total_amount is 425 and /lines/0/net_amount is 400. Reconcile the claim total with the submitted line amounts.,,,,,,,
G027,FZ-09,R014,FAIL,Submission window exceeded.,"/submission_date = ""2026-05-30""; /policy_id = ""EDU-BASIC""; /lines/0/service_date = ""2026-04-29""; /lines/1/service_date = ""2026-04-29""; /lines/2/service_date = ""2026-04-29""",Review the submission dates and any exception with a human reviewer.,gemma3:4b,False,Rule R014 failed because submission_date minus the latest service_date must be <= policy.submission_window_days. The evidence shows submission_date is 2026-05-30 and the latest service_date is 2026-04-29. Review the submission dates and any exception with a human reviewer.,,,,,,,
G028,FZ-04,R006,FAIL,Possible duplicate lines require review.,"/lines/0/service_code = ""SVC-IMAGE""; /lines/0/service_date = ""2026-06-08""; /lines/0/modifier = null; /lines/2/service_code = ""SVC-IMAGE""; /lines/2/service_date = ""2026-06-08""; /lines/2/modifier = null",Ask the reviewer whether repeated lines represent separate documented services.,gemma3:4b,False,"Rule R006 failed because possible duplicate lines require review. The evidence shows /lines/0/service_code is SVC-IMAGE and /lines/0/service_date is 2026-06-08, and /lines/2/service_code is SVC-IMAGE and /lines/2/service_date is 2026-06-08. Ask the reviewer whether repeated lines represent separate documented services.",,,,,,,
G029,FZ-05,R008,FAIL,Required authorization reference is missing.,"/lines/0/service_code = ""SVC-IMAGE""; /lines/0/authorization_id = null",Request the authorization reference or escalate its absence.,gemma3:4b,False,Rule R008 failed because required authorization reference is missing. The evidence shows /lines/0/service_code is SVC-IMAGE and /lines/0/authorization_id is null. Request the authorization reference or escalate its absence.,,,,,,,
G030,FW-02,R004,FAIL,Patient or member identifiers do not match coverage.,"/patient_id = ""PAT-D7BD154F00""; /coverage/beneficiary_patient_id = ""PAT-D7BD154F00""; /member_id = ""MEM-D7BD154F00""; /coverage/member_id = ""MEM-MISMATCH""",Resolve the patient/member mismatch using the authoritative records.,gemma3:4b,False,"Rule R004 failed because patient_id does not equal coverage.beneficiary_patient_id and member_id does not equal coverage.member_id. The evidence shows patient_id is PAT-D7BD154F00, coverage.beneficiary_patient_id is PAT-D7BD154F00, member_id is MEM-D7BD154F00 and coverage.member_id is MEM-MISMATCH. Resolve the patient/member mismatch using the authoritative records.",,,,,,,
G031,FX-06,R009,FAIL,Authorization record does not match the service.,"/policy_id = ""EDU-PLUS""; /lines/0/service_code = ""SVC-THERAPY""; /lines/0/authorization_id = ""AUTH-CG-E4013A7BE88F-1""; /lines/0/service_date = ""2026-04-09""","Obtain or verify the applicable approval and its dates, service and quantity.",gemma3:4b,False,"Rule R009 failed because Authorization record does not match the service. The evidence shows policy_id is EDU-PLUS, service_code is SVC-THERAPY, authorization_id is AUTH-CG-E4013A7BE88F-1 and service_date is 2026-04-09. Obtain or verify the applicable approval and its dates, service and quantity.",,,,,,,
G032,FZ-01,R002,FAIL,Service date is after the submission date.,"/submission_date = ""2026-04-23""; /lines/0/service_date = ""2026-04-24""; /lines/1/service_date = ""2026-04-24""; /lines/2/service_date = ""2026-04-24""",Verify and correct dates against the original record.,gemma3:4b,False,Rule R002 failed because service date is after the submission date. The evidence shows /submission_date is 2026-04-23 and /lines/0/service_date is 2026-04-24. Verify and correct dates against the original record.,,,,,,,
G033,FW-09,R013,FAIL,Quantity or unit price violates the fictional limits.,"/lines/0/quantity = 1; /lines/0/unit_price = 2210; /lines/0/service_code = ""SVC-IMAGE""",Verify the billed quantity and price against the fictional limits.,gemma3:4b,False,Rule R013 failed because Quantity or unit price violates the fictional limits. The evidence shows /lines/0/quantity is 1 and /lines/0/unit_price is 2210. Verify the billed quantity and price against the fictional limits.,,,,,,,
G034,FW-12,R007,FAIL,Line net amount does not equal quantity times unit price.,/lines/0/quantity = 2; /lines/0/unit_price = 400; /lines/0/net_amount = 811; /lines/1/quantity = 1; /lines/1/unit_price = 260; /lines/1/net_amount = 260; /lines/2/quantity = 1; /lines/2/unit_price = 1500; /lines/2/net_amount = 1500,"Check quantity, unit price and line amount; preserve the original values in the audit record.",gemma3:4b,False,"Rule R007 failed because line net amount does not equal quantity times unit price. The evidence shows /lines/0/quantity is 2, /lines/0/unit_price is 400 and /lines/0/net_amount is 811. Check quantity, unit price and line amount; preserve the original values in the audit record.",,,,,,,
G035,FW-06,R009,FAIL,Authorization record does not match the service.,"/policy_id = ""EDU-PLUS""; /lines/0/service_code = ""SVC-THERAPY""; /lines/0/authorization_id = ""AUTH-CG-504837A43A5E-1""; /lines/0/service_date = ""2026-04-25""","Obtain or verify the applicable approval and its dates, service and quantity.",gemma3:4b,False,"Rule R009 failed because Authorization record does not match the service. The evidence shows policy_id is EDU-PLUS, service_code is SVC-THERAPY, authorization_id is AUTH-CG-504837A43A5E-1 and service_date is 2026-04-25. Obtain or verify the applicable approval and its dates, service and quantity.",,,,,,,
G036,FW-05,R008,FAIL,Required authorization reference is missing.,"/lines/0/service_code = ""SVC-IMAGE""; /lines/0/authorization_id = null",Request the authorization reference or escalate its absence.,gemma3:4b,False,"Rule R008 failed because the required authorization reference is missing. The evidence shows that the path /lines/0/authorization_id is null. Furthermore, the rule logic states that a known empty reference fails, and this finding indicates a missing reference. Request the authorization reference or escalate its absence.",,,,,,,
