item,case_id,rule_id,status,engine_explanation,evidence,corrective_action,answer,correct_finding,correct_evidence,correct_rule,appropriate_action,honest_uncertainty,unsupported_facts,notes
S001,FW-05,R008,FAIL,Required authorization reference is missing.,"/lines/0/service_code = ""SVC-IMAGE""; /lines/0/authorization_id = null",Request the authorization reference or escalate its absence.,Rule R008 failed because the required authorization reference is missing. The evidence shows /lines/0/authorization_id is null. Request the authorization reference or escalate its absence.,,,,,,,
S002,FW-02,R004,FAIL,Patient or member identifiers do not match coverage.,"/patient_id = ""PAT-D7BD154F00""; /coverage/beneficiary_patient_id = ""PAT-D7BD154F00""; /member_id = ""MEM-D7BD154F00""; /coverage/member_id = ""MEM-MISMATCH""",Resolve the patient/member mismatch using the authoritative records.,Rule R004 failed because patient or member identifiers do not match coverage. The evidence shows /coverage/beneficiary_patient_id is PAT-D7BD154F00 and /coverage/member_id is MEM-MISMATCH. Resolve the patient/member mismatch using the authoritative records.,,,,,,,
S003,FW-08,R014,FAIL,Submission window exceeded.,"/submission_date = ""2026-06-28""; /policy_id = ""EDU-BASIC""; /lines/0/service_date = ""2026-05-28""",Review the submission dates and any exception with a human reviewer.,Rule R014 failed because the submission window has been exceeded. The evidence shows /submission_date is 2026-06-28 and /lines/0/service_date is 2026-05-28. Review the submission dates and any exception with a human reviewer.,,,,,,,
S004,FW-01,R002,FAIL,Service date is after the submission date.,"/submission_date = ""2026-04-17""; /lines/0/service_date = ""2026-04-18""; /lines/1/service_date = ""2026-04-18""; /lines/2/service_date = ""2026-04-18""",Verify and correct dates against the original record.,Rule R002 failed because the service date is after the submission date. The evidence shows /lines/0/service_date is 2026-04-18 and /submission_date is 2026-04-17. Verify and correct dates against the original record.,,,,,,,
S005,FW-07,R012,FAIL,Claim total does not equal the sum of line amounts.,/total_amount = 225; /lines/0/net_amount = 200,Reconcile the claim total with the submitted line amounts.,Rule R012 failed because the claim total does not equal the sum of line amounts.,,,,,,,
S006,FW-09,R013,FAIL,Quantity or unit price violates the fictional limits.,"/lines/0/quantity = 1; /lines/0/unit_price = 2210; /lines/0/service_code = ""SVC-IMAGE""",Verify the billed quantity and price against the fictional limits.,Rule R013 failed because quantity or unit price violates the fictional limits. The evidence shows /lines/0/quantity is 1 and /lines/0/unit_price is 2210. Verify the billed quantity and price against the fictional limits.,,,,,,,
S007,FW-01,R002,FAIL,Service date is after the submission date.,"/submission_date = ""2026-04-17""; /lines/0/service_date = ""2026-04-18""; /lines/1/service_date = ""2026-04-18""; /lines/2/service_date = ""2026-04-18""",Verify and correct dates against the original record.,Rule R002 failed because the service date is after the submission date.,,,,,,,
S008,FW-10,R010,UNABLE_TO_ASSESS,Only draft or uncertain matching documentation is available.,"/attachments = [{""attachment_id"": ""DOC-CG-EA67D7790FF1-1"", ""type"": ""imaging-report"", ""patient_id"": ""PAT-A540569664"", ""service_code"": ""SVC-IMAGE"", ""service_date"": ""2026-03-20"", ""document_status"": ""draft"", ""text"": ""SYNTHETIC: SVC-IMAGE completed on 2026-03-20; record for training only.""}]; /lines/0/service_code = ""SVC-IMAGE""; /lines/0/service_date = ""2026-03-20""",Request the correct final supporting document or send the draft for human review.,Rule R010 could not be assessed because only draft or uncertain matching documentation is available. The evidence shows /attachments is not final. Request the correct final supporting document or send the draft for human review.,,,,,,,
S009,FW-03,R005,FAIL,Provider is not in the allowed network.,"/provider_id = ""EDU-PROV-OUT""; /policy_id = ""EDU-BASIC""",Verify provider identity and the applicable fictional network list.,Rule R005 failed because the provider is not in the allowed network. The evidence shows /provider_id is EDU-PROV-OUT. Verify provider identity and the applicable fictional network list.,,,,,,,
S010,FW-08,R014,FAIL,Submission window exceeded.,"/submission_date = ""2026-06-28""; /policy_id = ""EDU-BASIC""; /lines/0/service_date = ""2026-05-28""",Review the submission dates and any exception with a human reviewer.,Rule R014 failed because the submission window has been exceeded. The evidence shows /submission_date is 2026-06-28 and /lines/0/service_date is 2026-05-28. Review the submission dates and any exception with a human reviewer.,,,,,,,
S011,FW-05,R008,FAIL,Required authorization reference is missing.,"/lines/0/service_code = ""SVC-IMAGE""; /lines/0/authorization_id = null",Request the authorization reference or escalate its absence.,Rule R008 failed because the required authorization reference is missing. The evidence shows /lines/0/authorization_id is null. Request the authorization reference or escalate its absence.,,,,,,,
S012,FW-07,R012,FAIL,Claim total does not equal the sum of line amounts.,/total_amount = 225; /lines/0/net_amount = 200,Reconcile the claim total with the submitted line amounts.,Rule R012 failed because the claim total does not equal the sum of line amounts.,,,,,,,
S013,FW-03,R005,FAIL,Provider is not in the allowed network.,"/provider_id = ""EDU-PROV-OUT""; /policy_id = ""EDU-BASIC""",Verify provider identity and the applicable fictional network list.,Rule R005 failed because the provider is not in the allowed network. The evidence shows /provider_id is EDU-PROV-OUT. Verify provider identity and the applicable fictional network list.,,,,,,,
S014,FW-12,R007,FAIL,Line net amount does not equal quantity times unit price.,/lines/0/quantity = 2; /lines/0/unit_price = 400; /lines/0/net_amount = 811; /lines/1/quantity = 1; /lines/1/unit_price = 260; /lines/1/net_amount = 260; /lines/2/quantity = 1; /lines/2/unit_price = 1500; /lines/2/net_amount = 1500,"Check quantity, unit price and line amount; preserve the original values in the audit record.","Rule R007 failed because line net amount does not equal quantity times unit price. The evidence shows /lines/0/net_amount is 811 and /lines/0/quantity times /lines/0/unit_price is 800. Check quantity, unit price and line amount; preserve the original values in the audit record.",,,,,,,
S015,FW-06,R009,FAIL,Authorization record does not match the service.,"/policy_id = ""EDU-PLUS""; /lines/0/service_code = ""SVC-THERAPY""; /lines/0/authorization_id = ""AUTH-CG-504837A43A5E-1""; /lines/0/service_date = ""2026-04-25""","Obtain or verify the applicable approval and its dates, service and quantity.","Rule R009 failed because the authorization record does not match the service. The evidence shows /lines/0/authorization_id is AUTH-CG-504837A43A5E-1 and /lines/0/service_code is SVC-THERAPY. Obtain or verify the applicable approval and its dates, service and quantity.",,,,,,,
S016,FW-09,R013,FAIL,Quantity or unit price violates the fictional limits.,"/lines/0/quantity = 1; /lines/0/unit_price = 2210; /lines/0/service_code = ""SVC-IMAGE""",Verify the billed quantity and price against the fictional limits.,Rule R013 failed because quantity or unit price violates the fictional limits. The evidence shows /lines/0/quantity is 1 and /lines/0/unit_price is 2210. Verify the billed quantity and price against the fictional limits.,,,,,,,
S017,FW-10,R010,UNABLE_TO_ASSESS,Only draft or uncertain matching documentation is available.,"/attachments = [{""attachment_id"": ""DOC-CG-EA67D7790FF1-1"", ""type"": ""imaging-report"", ""patient_id"": ""PAT-A540569664"", ""service_code"": ""SVC-IMAGE"", ""service_date"": ""2026-03-20"", ""document_status"": ""draft"", ""text"": ""SYNTHETIC: SVC-IMAGE completed on 2026-03-20; record for training only.""}]; /lines/0/service_code = ""SVC-IMAGE""; /lines/0/service_date = ""2026-03-20""",Request the correct final supporting document or send the draft for human review.,Rule R010 could not be assessed because only draft or uncertain matching documentation is available. The evidence shows /attachments has a document_status of draft. Request the correct final supporting document or send the draft for human review.,,,,,,,
S018,FW-08,R014,FAIL,Submission window exceeded.,"/submission_date = ""2026-06-28""; /policy_id = ""EDU-BASIC""; /lines/0/service_date = ""2026-05-28""",Review the submission dates and any exception with a human reviewer.,Rule R014 failed because the submission window has been exceeded. The evidence shows /submission_date is 2026-06-28 and /lines/0/service_date is 2026-05-28. Review the submission dates and any exception with a human reviewer.,,,,,,,
S019,FW-04,R006,FAIL,Possible duplicate lines require review.,"/lines/0/service_code = ""SVC-LAB""; /lines/0/service_date = ""2026-05-08""; /lines/0/modifier = null; /lines/2/service_code = ""SVC-LAB""; /lines/2/service_date = ""2026-05-08""; /lines/2/modifier = null",Ask the reviewer whether repeated lines represent separate documented services.,"Rule R006 failed because possible duplicate lines require review. The evidence shows /lines/0/ service_code is SVC-LAB, /lines/0/service_date is 2026-05-08, /lines/2/service_code is SVC-LAB, and /lines/2/service_date is 2026-05-08. Ask the reviewer whether repeated lines represent separate documented services.",,,,,,,
S020,FW-08,R014,FAIL,Submission window exceeded.,"/submission_date = ""2026-06-28""; /policy_id = ""EDU-BASIC""; /lines/0/service_date = ""2026-05-28""",Review the submission dates and any exception with a human reviewer.,Rule R014 failed because the submission window has been exceeded. The evidence shows /submission_date is 2026-06-28 and /lines/0/service_date is 2026-05-28. Review the submission dates and any exception with a human reviewer.,,,,,,,
S021,FW-04,R006,FAIL,Possible duplicate lines require review.,"/lines/0/service_code = ""SVC-LAB""; /lines/0/service_date = ""2026-05-08""; /lines/0/modifier = null; /lines/2/service_code = ""SVC-LAB""; /lines/2/service_date = ""2026-05-08""; /lines/2/modifier = null",Ask the reviewer whether repeated lines represent separate documented services.,"Rule R006 failed because possible duplicate lines require review. The evidence shows /lines/0/ service_code is SVC-LAB, /lines/0/service_date is 2026-05-08, /lines/2/service_code is SVC-LAB, and /lines/2/service_date is 2026-05-08. Ask the reviewer whether repeated lines represent separate documented services.",,,,,,,
S022,FW-02,R004,FAIL,Patient or member identifiers do not match coverage.,"/patient_id = ""PAT-D7BD154F00""; /coverage/beneficiary_patient_id = ""PAT-D7BD154F00""; /member_id = ""MEM-D7BD154F00""; /coverage/member_id = ""MEM-MISMATCH""",Resolve the patient/member mismatch using the authoritative records.,Rule R004 failed because patient or member identifiers do not match coverage. The evidence shows /coverage/member_id is MEM-MISMATCH. Resolve the patient/member mismatch using the authoritative records.,,,,,,,
S023,FW-10,R010,UNABLE_TO_ASSESS,Only draft or uncertain matching documentation is available.,"/attachments = [{""attachment_id"": ""DOC-CG-EA67D7790FF1-1"", ""type"": ""imaging-report"", ""patient_id"": ""PAT-A540569664"", ""service_code"": ""SVC-IMAGE"", ""service_date"": ""2026-03-20"", ""document_status"": ""draft"", ""text"": ""SYNTHETIC: SVC-IMAGE completed on 2026-03-20; record for training only.""}]; /lines/0/service_code = ""SVC-IMAGE""; /lines/0/service_date = ""2026-03-20""",Request the correct final supporting document or send the draft for human review.,Rule R010 could not be assessed because only draft or uncertain matching documentation is available. The evidence shows /attachments has a document_status of draft. Request the correct final supporting document or send the draft for human review.,,,,,,,
S024,FW-12,R007,FAIL,Line net amount does not equal quantity times unit price.,/lines/0/quantity = 2; /lines/0/unit_price = 400; /lines/0/net_amount = 811; /lines/1/quantity = 1; /lines/1/unit_price = 260; /lines/1/net_amount = 260; /lines/2/quantity = 1; /lines/2/unit_price = 1500; /lines/2/net_amount = 1500,"Check quantity, unit price and line amount; preserve the original values in the audit record.","Rule R007 failed because line net amount does not equal quantity times unit price. The evidence shows /lines/0/quantity is 2, /lines/0/unit_price is 400 and /lines/0/net_amount is 811. Check quantity, unit price and line amount.",,,,,,,
S025,FW-11,R003,UNABLE_TO_ASSESS,coverage period,"/coverage/status = ""active""; /coverage/start_date = ""2026-01-01""; /coverage/end_date = null; /lines/0/service_date = ""2026-05-09""; /lines/1/service_date = ""2026-05-09""",Verify coverage applicable on the service date with the source records.,Rule R003 could not be assessed because the coverage period is missing. The evidence shows /coverage/end_ate is null. Verify coverage applicable on the service date with the source records.,,,,,,,
S026,FW-11,R003,UNABLE_TO_ASSESS,coverage period,"/coverage/status = ""active""; /coverage/start_date = ""2026-01-01""; /coverage/end_date = null; /lines/0/service_date = ""2026-05-09""; /lines/1/service_date = ""2026-05-09""",Verify coverage applicable on the service date with the source records.,Rule R003 could not be assessed because the coverage period is unknown. The evidence shows /coverage/end_date is null. Verify coverage applicable on the service date with the source records.,,,,,,,
S027,FW-01,R002,FAIL,Service date is after the submission date.,"/submission_date = ""2026-04-17""; /lines/0/service_date = ""2026-04-18""; /lines/1/service_date = ""2026-04-18""; /lines/2/service_date = ""2026-04-18""",Verify and correct dates against the original record.,Rule R002 failed because the service date is after the submission date.,,,,,,,
S028,FW-07,R012,FAIL,Claim total does not equal the sum of line amounts.,/total_amount = 225; /lines/0/net_amount = 200,Reconcile the claim total with the submitted line amounts.,Rule R012 failed because the claim total does not equal the sum of line amounts. The evidence shows /total_amount is 225 and /lines/0/net_amount is 200. Reconcile the claim total with the submitted line amounts.,,,,,,,
S029,FW-09,R013,FAIL,Quantity or unit price violates the fictional limits.,"/lines/0/quantity = 1; /lines/0/unit_price = 2210; /lines/0/service_code = ""SVC-IMAGE""",Verify the billed quantity and price against the fictional limits.,Rule R013 failed because quantity or unit price violates the fictional limits. The evidence shows /lines/0/quantity is 1 and /lines/0/unit_price is 2210. Verify the billed quantity and price against the fictional limits.,,,,,,,
S030,FW-07,R012,FAIL,Claim total does not equal the sum of line amounts.,/total_amount = 225; /lines/0/net_amount = 200,Reconcile the claim total with the submitted line amounts.,Rule R012 failed because the claim total does not equal the sum of line amounts. The evidence shows /total_amount is 225 and /lines/0/net_amount is 200. Reconcile the claim total with the submitted line amounts.,,,,,,,
S031,FW-02,R004,FAIL,Patient or member identifiers do not match coverage.,"/patient_id = ""PAT-D7BD154F00""; /coverage/beneficiary_patient_id = ""PAT-D7BD154F00""; /member_id = ""MEM-D7BD154F00""; /coverage/member_id = ""MEM-MISMATCH""",Resolve the patient/member mismatch using the authoritative records.,Rule R004 failed because patient or member identifiers do not match coverage. The evidence shows /coverage/beneficiary_patient_id is PAT-D7BD154F00 and /coverage/member_id is MEM-MISMATCH. Resolve the patient/member mismatch using the authoritative records.,,,,,,,
S032,FW-05,R008,FAIL,Required authorization reference is missing.,"/lines/0/service_code = ""SVC-IMAGE""; /lines/0/authorization_id = null",Request the authorization reference or escalate its absence.,Rule R008 failed because the required authorization reference is missing. The evidence shows /lines/0/authorization_id is null. Request the authorization reference or escalate its absence.,,,,,,,
S033,FW-03,R005,FAIL,Provider is not in the allowed network.,"/provider_id = ""EDU-PROV-OUT""; /policy_id = ""EDU-BASIC""",Verify provider identity and the applicable fictional network list.,Rule R005 failed because the provider is not in the allowed network. The evidence shows /provider_id is EDU-PROV-OUT. Verify provider identity and the applicable fictional network list.,,,,,,,
S034,FW-09,R013,FAIL,Quantity or unit price violates the fictional limits.,"/lines/0/quantity = 1; /lines/0/unit_price = 2210; /lines/0/service_code = ""SVC-IMAGE""",Verify the billed quantity and price against the fictional limits.,Rule R013 failed because quantity or unit price violates the fictional limits. The evidence shows /lines/0/quantity is 1 and /lines/0/unit_price is 2210. Verify the billed quantity and price against the fictional limits.,,,,,,,
S035,FW-10,R010,UNABLE_TO_ASSESS,Only draft or uncertain matching documentation is available.,"/attachments = [{""attachment_id"": ""DOC-CG-EA67D7790FF1-1"", ""type"": ""imaging-report"", ""patient_id"": ""PAT-A540569664"", ""service_code"": ""SVC-IMAGE"", ""service_date"": ""2026-03-20"", ""document_status"": ""draft"", ""text"": ""SYNTHETIC: SVC-IMAGE completed on 2026-03-20; record for training only.""}]; /lines/0/service_code = ""SVC-IMAGE""; /lines/0/service_date = ""2026-03-20""",Request the correct final supporting document or send the draft for human review.,Rule R010 could not be assessed because only draft or uncertain matching documentation is available. The evidence shows /attachments is not final. Request the correct final supporting document or send the draft for human review.,,,,,,,
S036,FW-11,R003,UNABLE_TO_ASSESS,coverage period,"/coverage/status = ""active""; /coverage/start_date = ""2026-01-01""; /coverage/end_date = null; /lines/0/service_date = ""2026-05-09""; /lines/1/service_date = ""2026-05-09""",Verify coverage applicable on the service date with the source records.,Rule R003 could not be assessed because the coverage period is missing. The evidence shows /coverage/end_ate is null. Verify coverage applicable on the service date with the source records.,,,,,,,
S037,FW-02,R004,FAIL,Patient or member identifiers do not match coverage.,"/patient_id = ""PAT-D7BD154F00""; /coverage/beneficiary_patient_id = ""PAT-D7BD154F00""; /member_id = ""MEM-D7BD154F00""; /coverage/member_id = ""MEM-MISMATCH""",Resolve the patient/member mismatch using the authoritative records.,Rule R004 failed because patient or member identifiers do not match coverage. The evidence shows /coverage/beneficiary_patient_id is PAT-D7BD154F00 and /coverage/member_id is MEM-MISMATCH. Resolve the patient/member mismatch using the authoritative records.,,,,,,,
S038,FW-02,R004,FAIL,Patient or member identifiers do not match coverage.,"/patient_id = ""PAT-D7BD154F00""; /coverage/beneficiary_patient_id = ""PAT-D7BD154F00""; /member_id = ""MEM-D7BD154F00""; /coverage/member_id = ""MEM-MISMATCH""",Resolve the patient/member mismatch using the authoritative records.,Rule R004 failed because patient or member identifiers do not match coverage. The evidence shows /coverage/beneficiary_patient_id is PAT-D7BD154F00 and /coverage/member_id is MEM-MISMATCH. Resolve the patient/member mismatch using the authoritative records.,,,,,,,
S039,FW-09,R013,FAIL,Quantity or unit price violates the fictional limits.,"/lines/0/quantity = 1; /lines/0/unit_price = 2210; /lines/0/service_code = ""SVC-IMAGE""",Verify the billed quantity and price against the fictional limits.,Rule R013 failed because quantity or unit price violates the fictional limits. The evidence shows /lines/0/quantity is 1 and /lines/0/unit_price is 2210. Verify the billed quantity and price against the fictional limits.,,,,,,,
S040,FW-04,R006,FAIL,Possible duplicate lines require review.,"/lines/0/service_code = ""SVC-LAB""; /lines/0/service_date = ""2026-05-08""; /lines/0/modifier = null; /lines/2/service_code = ""SVC-LAB""; /lines/2/service_date = ""2026-05-08""; /lines/2/modifier = null",Ask the reviewer whether repeated lines represent separate documented services.,"Rule R006 failed because possible duplicate lines require review. The evidence shows /lines/0/ service_code is SVC-LAB, /lines/0/service_date is 2026-05-08, /lines/2/service_code is SVC-LAB, and /lines/2/service_date is 2026-05-08. Ask the reviewer whether repeated lines represent separate documented services.",,,,,,,
S041,FW-03,R005,FAIL,Provider is not in the allowed network.,"/provider_id = ""EDU-PROV-OUT""; /policy_id = ""EDU-BASIC""",Verify provider identity and the applicable fictional network list.,Rule R005 failed because the provider is not in the allowed network. The evidence shows /provider_id is EDU-PROV-OUT. Verify provider identity and the applicable fictional network list.,,,,,,,
S042,FW-05,R008,FAIL,Required authorization reference is missing.,"/lines/0/service_code = ""SVC-IMAGE""; /lines/0/authorization_id = null",Request the authorization reference or escalate its absence.,Rule R008 failed because the required authorization reference is missing. The evidence shows /lines/0/authorization_id is null. Request the authorization reference or escalate its absence.,,,,,,,
S043,FW-02,R004,FAIL,Patient or member identifiers do not match coverage.,"/patient_id = ""PAT-D7BD154F00""; /coverage/beneficiary_patient_id = ""PAT-D7BD154F00""; /member_id = ""MEM-D7BD154F00""; /coverage/member_id = ""MEM-MISMATCH""",Resolve the patient/member mismatch using the authoritative records.,Rule R004 failed because patient or member identifiers do not match coverage. The evidence shows /coverage/beneficiary_patient_id is PAT-D7BD154F00 and /coverage/member_id is MEM-MISMATCH. Resolve the patient/member mismatch using the authoritative records.,,,,,,,
S044,FW-05,R008,FAIL,Required authorization reference is missing.,"/lines/0/service_code = ""SVC-IMAGE""; /lines/0/authorization_id = null",Request the authorization reference or escalate its absence.,Rule R008 failed because the required authorization reference is missing. The evidence shows /lines/0/authorization_id is null. Request the authorization reference or escalate its absence.,,,,,,,
S045,FW-12,R007,FAIL,Line net amount does not equal quantity times unit price.,/lines/0/quantity = 2; /lines/0/unit_price = 400; /lines/0/net_amount = 811; /lines/1/quantity = 1; /lines/1/unit_price = 260; /lines/1/net_amount = 260; /lines/2/quantity = 1; /lines/2/unit_price = 1500; /lines/2/net_amount = 1500,"Check quantity, unit price and line amount; preserve the original values in the audit record.","Rule R007 failed because line net amount does not equal quantity times unit price. The evidence shows /lines/0/net_amount is 811 and /lines/0/quantity times /lines/0/unit_price is 800. Check quantity, unit price and line amount; preserve the original values in the audit record.",,,,,,,
S046,FW-04,R006,FAIL,Possible duplicate lines require review.,"/lines/0/service_code = ""SVC-LAB""; /lines/0/service_date = ""2026-05-08""; /lines/0/modifier = null; /lines/2/service_code = ""SVC-LAB""; /lines/2/service_date = ""2026-05-08""; /lines/2/modifier = null",Ask the reviewer whether repeated lines represent separate documented services.,"Rule R006 failed because possible duplicate lines require review. The evidence shows /lines/0/ service_code is SVC-LAB, /lines/0/service_date is 2026-05-08, /lines/2/service_code is SVC-LAB, and /lines/2/service_date is 2026-05-08. Ask the reviewer whether repeated lines represent separate documented services.",,,,,,,
S047,FW-11,R003,UNABLE_TO_ASSESS,coverage period,"/coverage/status = ""active""; /coverage/start_date = ""2026-01-01""; /coverage/end_date = null; /lines/0/service_date = ""2026-05-09""; /lines/1/service_date = ""2026-05-09""",Verify coverage applicable on the service date with the source records.,Rule R003 could not be assessed because the coverage period is missing. The evidence shows /coverage/end_ate is null. Verify coverage applicable on the service date with the source records.,,,,,,,
S048,FW-04,R006,FAIL,Possible duplicate lines require review.,"/lines/0/service_code = ""SVC-LAB""; /lines/0/service_date = ""2026-05-08""; /lines/0/modifier = null; /lines/2/service_code = ""SVC-LAB""; /lines/2/service_date = ""2026-05-08""; /lines/2/modifier = null",Ask the reviewer whether repeated lines represent separate documented services.,Rule R006 failed because possible duplicate lines require review.,,,,,,,
S049,FW-06,R009,FAIL,Authorization record does not match the service.,"/policy_id = ""EDU-PLUS""; /lines/0/service_code = ""SVC-THERAPY""; /lines/0/authorization_id = ""AUTH-CG-504837A43A5E-1""; /lines/0/service_date = ""2026-04-25""","Obtain or verify the applicable approval and its dates, service and quantity.","Rule R009 failed because the authorization record does not match the service. The evidence shows /lines/0/authorization_id is AUTH-CG-504837A43A5E-1 and /lines/0/service_code is SVC-THERAPY. Obtain or verify the applicable approval and its dates, service and quantity.",,,,,,,
S050,FW-09,R013,FAIL,Quantity or unit price violates the fictional limits.,"/lines/0/quantity = 1; /lines/0/unit_price = 2210; /lines/0/service_code = ""SVC-IMAGE""",Verify the billed quantity and price against the fictional limits.,Rule R013 failed because quantity or unit price violates the fictional limits. The evidence shows /lines/0/quantity is 1 and /lines/0/unit_price is 2210. Verify the billed quantity and price against the fictional limits.,,,,,,,
S051,FW-04,R006,FAIL,Possible duplicate lines require review.,"/lines/0/service_code = ""SVC-LAB""; /lines/0/service_date = ""2026-05-08""; /lines/0/modifier = null; /lines/2/service_code = ""SVC-LAB""; /lines/2/service_date = ""2026-05-08""; /lines/2/modifier = null",Ask the reviewer whether repeated lines represent separate documented services.,Rule R006 failed because possible duplicate lines require review.,,,,,,,
S052,FW-05,R008,FAIL,Required authorization reference is missing.,"/lines/0/service_code = ""SVC-IMAGE""; /lines/0/authorization_id = null",Request the authorization reference or escalate its absence.,Rule R008 failed because the required authorization reference is missing. The evidence shows /lines/0/authorization_id is null. Request the authorization reference or escalate its absence.,,,,,,,
S053,FW-01,R002,FAIL,Service date is after the submission date.,"/submission_date = ""2026-04-17""; /lines/0/service_date = ""2026-04-18""; /lines/1/service_date = ""2026-04-18""; /lines/2/service_date = ""2026-04-18""",Verify and correct dates against the original record.,Rule R002 failed because the service date is after the submission date.,,,,,,,
S054,FW-07,R012,FAIL,Claim total does not equal the sum of line amounts.,/total_amount = 225; /lines/0/net_amount = 200,Reconcile the claim total with the submitted line amounts.,Rule R012 failed because the claim total does not equal the sum of line amounts. The evidence shows /total_amount is 225 and /lines/0/net_amount is 200. Reconcile the claim total with the submitted line amounts.,,,,,,,
S055,FW-09,R013,FAIL,Quantity or unit price violates the fictional limits.,"/lines/0/quantity = 1; /lines/0/unit_price = 2210; /lines/0/service_code = ""SVC-IMAGE""",Verify the billed quantity and price against the fictional limits.,Rule R013 failed because quantity or unit price violates the fictional limits. The evidence shows /lines/0/quantity is 1 and /lines/0/unit_price is 2210. Verify the billed quantity and price against the fictional limits.,,,,,,,
S056,FW-05,R008,FAIL,Required authorization reference is missing.,"/lines/0/service_code = ""SVC-IMAGE""; /lines/0/authorization_id = null",Request the authorization reference or escalate its absence.,Rule R008 failed because the required authorization reference is missing. The evidence shows /lines/0/authorization_id is null. Request the authorization reference or escalate its absence.,,,,,,,
S057,FW-12,R007,FAIL,Line net amount does not equal quantity times unit price.,/lines/0/quantity = 2; /lines/0/unit_price = 400; /lines/0/net_amount = 811; /lines/1/quantity = 1; /lines/1/unit_price = 260; /lines/1/net_amount = 260; /lines/2/quantity = 1; /lines/2/unit_price = 1500; /lines/2/net_amount = 1500,"Check quantity, unit price and line amount; preserve the original values in the audit record.","Rule R007 failed because line net amount does not equal quantity times unit price. The evidence shows /lines/0/quantity is 2, /lines/0/unit_price is 400, and /lines/0/net_amount is 811. Check quantity, unit price and line amount.",,,,,,,
S058,FW-02,R004,FAIL,Patient or member identifiers do not match coverage.,"/patient_id = ""PAT-D7BD154F00""; /coverage/beneficiary_patient_id = ""PAT-D7BD154F00""; /member_id = ""MEM-D7BD154F00""; /coverage/member_id = ""MEM-MISMATCH""",Resolve the patient/member mismatch using the authoritative records.,Rule R004 failed because patient or member identifiers do not match coverage. The evidence shows /coverage/beneficiary_patient_id is PAT-D7BD154F00 and /coverage/member_id is MEM-MISMATCH. Resolve the patient/member mismatch using the authoritative records.,,,,,,,
S059,FW-04,R006,FAIL,Possible duplicate lines require review.,"/lines/0/service_code = ""SVC-LAB""; /lines/0/service_date = ""2026-05-08""; /lines/0/modifier = null; /lines/2/service_code = ""SVC-LAB""; /lines/2/service_date = ""2026-05-08""; /lines/2/modifier = null",Ask the reviewer whether repeated lines represent separate documented services.,"Rule R006 failed because possible duplicate lines require review. The evidence shows /lines/0/ service_code is SVC-LAB, /lines/0/service_date is 2026-05-08, /lines/2/service_code is SVC-LAB, and /lines/2/service_date is 2026-05-08. Ask the reviewer whether repeated lines represent separate documented services.",,,,,,,
S060,FW-05,R008,FAIL,Required authorization reference is missing.,"/lines/0/service_code = ""SVC-IMAGE""; /lines/0/authorization_id = null",Request the authorization reference or escalate its absence.,Rule R008 failed because the required authorization reference is missing. The evidence shows /lines/0/authorization_id is null. Request the authorization reference or escalate its absence.,,,,,,,
S061,FW-09,R013,FAIL,Quantity or unit price violates the fictional limits.,"/lines/0/quantity = 1; /lines/0/unit_price = 2210; /lines/0/service_code = ""SVC-IMAGE""",Verify the billed quantity and price against the fictional limits.,Rule R013 failed because quantity or unit price violates the fictional limits. The evidence shows /lines/0/quantity is 1 and /lines/0/unit_price is 2210. Verify the billed quantity and price against the fictional limits.,,,,,,,
S062,FW-03,R005,FAIL,Provider is not in the allowed network.,"/provider_id = ""EDU-PROV-OUT""; /policy_id = ""EDU-BASIC""",Verify provider identity and the applicable fictional network list.,Rule R005 failed because the provider is not in the allowed network. The evidence shows /provider_id is EDU-PROV-OUT. Verify provider identity and the applicable fictional network list.,,,,,,,
S063,FW-06,R009,FAIL,Authorization record does not match the service.,"/policy_id = ""EDU-PLUS""; /lines/0/service_code = ""SVC-THERAPY""; /lines/0/authorization_id = ""AUTH-CG-504837A43A5E-1""; /lines/0/service_date = ""2026-04-25""","Obtain or verify the applicable approval and its dates, service and quantity.","Rule R009 failed because the authorization record does not match the service. The evidence shows /lines/0/authorization_id is AUTH-CG-504837A43A5E-1 and /lines/0/service_code is SVC-THERAPY. Obtain or verify the applicable approval and its dates, service and quantity.",,,,,,,
S064,FW-12,R007,FAIL,Line net amount does not equal quantity times unit price.,/lines/0/quantity = 2; /lines/0/unit_price = 400; /lines/0/net_amount = 811; /lines/1/quantity = 1; /lines/1/unit_price = 260; /lines/1/net_amount = 260; /lines/2/quantity = 1; /lines/2/unit_price = 1500; /lines/2/net_amount = 1500,"Check quantity, unit price and line amount; preserve the original values in the audit record.","Rule R007 failed because line net amount does not equal quantity times unit price. The evidence shows /lines/0/net_amount is 811 and /lines/0/quantity times /lines/0/unit_price is 800. Check quantity, unit price and line amount; preserve the original values in the audit record.",,,,,,,
S065,FW-03,R005,FAIL,Provider is not in the allowed network.,"/provider_id = ""EDU-PROV-OUT""; /policy_id = ""EDU-BASIC""",Verify provider identity and the applicable fictional network list.,Rule R005 failed because the provider is not in the allowed network. The evidence shows /provider_id is EDU-PROV-OUT. Verify provider identity and the applicable fictional network list.,,,,,,,
S066,FW-08,R014,FAIL,Submission window exceeded.,"/submission_date = ""2026-06-28""; /policy_id = ""EDU-BASIC""; /lines/0/service_date = ""2026-05-28""",Review the submission dates and any exception with a human reviewer.,Rule R014 failed because the submission window has been exceeded. The evidence shows /submission_date is 2026-06-28 and /lines/0/service_date is 2026-05-28. Review the submission dates and any exception with a human reviewer.,,,,,,,
S067,FW-03,R005,FAIL,Provider is not in the allowed network.,"/provider_id = ""EDU-PROV-OUT""; /policy_id = ""EDU-BASIC""",Verify provider identity and the applicable fictional network list.,Rule R005 failed because the provider is not in the allowed network. The evidence shows /provider_id is EDU-PROV-OUT. Verify provider identity and the applicable fictional network list.,,,,,,,
S068,FW-07,R012,FAIL,Claim total does not equal the sum of line amounts.,/total_amount = 225; /lines/0/net_amount = 200,Reconcile the claim total with the submitted line amounts.,Rule R012 failed because the claim total does not equal the sum of line amounts.,,,,,,,
S069,FW-09,R013,FAIL,Quantity or unit price violates the fictional limits.,"/lines/0/quantity = 1; /lines/0/unit_price = 2210; /lines/0/service_code = ""SVC-IMAGE""",Verify the billed quantity and price against the fictional limits.,Rule R013 failed because quantity or unit price violates the fictional limits. The evidence shows /lines/0/quantity is 1 and /lines/0/unit_price is 2210. Verify the billed quantity and price against the fictional limits.,,,,,,,
S070,FW-01,R002,FAIL,Service date is after the submission date.,"/submission_date = ""2026-04-17""; /lines/0/service_date = ""2026-04-18""; /lines/1/service_date = ""2026-04-18""; /lines/2/service_date = ""2026-04-18""",Verify and correct dates against the original record.,Rule R002 failed because the service date is after the submission date.,,,,,,,
S071,FW-06,R009,FAIL,Authorization record does not match the service.,"/policy_id = ""EDU-PLUS""; /lines/0/service_code = ""SVC-THERAPY""; /lines/0/authorization_id = ""AUTH-CG-504837A43A5E-1""; /lines/0/service_date = ""2026-04-25""","Obtain or verify the applicable approval and its dates, service and quantity.","Rule R009 failed because the authorization record does not match the service. The evidence shows /lines/0/authorization_id is AUTH-CG-504837A43A5E-1 and /lines/0/service_code is SVC-THERAPY. Obtain or verify the applicable approval and its dates, service and quantity.",,,,,,,
S072,FW-11,R003,UNABLE_TO_ASSESS,coverage period,"/coverage/status = ""active""; /coverage/start_date = ""2026-01-01""; /coverage/end_date = null; /lines/0/service_date = ""2026-05-09""; /lines/1/service_date = ""2026-05-09""",Verify coverage applicable on the service date with the source records.,Rule R003 could not be assessed because the coverage period is missing. The evidence shows /coverage/end_date is null. Verify coverage applicable on the service date with the source records.,,,,,,,
S073,FW-05,R008,FAIL,Required authorization reference is missing.,"/lines/0/service_code = ""SVC-IMAGE""; /lines/0/authorization_id = null",Request the authorization reference or escalate its absence.,Rule R008 failed because the required authorization reference is missing. The evidence shows /lines/0/authorization_id is null. Request the authorization reference or escalate its absence.,,,,,,,
S074,FW-07,R012,FAIL,Claim total does not equal the sum of line amounts.,/total_amount = 225; /lines/0/net_amount = 200,Reconcile the claim total with the submitted line amounts.,Rule R012 failed because the claim total does not equal the sum of line amounts. The evidence shows /total_amount is 225 and /lines/0/net_amount is 200. Reconcile the claim total with the submitted line amounts.,,,,,,,
S075,FW-11,R003,UNABLE_TO_ASSESS,coverage period,"/coverage/status = ""active""; /coverage/start_date = ""2026-01-01""; /coverage/end_date = null; /lines/0/service_date = ""2026-05-09""; /lines/1/service_date = ""2026-05-09""",Verify coverage applicable on the service date with the source records.,Rule R003 could not be assessed because the coverage period is unknown. The evidence shows /coverage/end_ate is null. Verify coverage applicable on the service date with the source records.,,,,,,,
S076,FW-02,R004,FAIL,Patient or member identifiers do not match coverage.,"/patient_id = ""PAT-D7BD154F00""; /coverage/beneficiary_patient_id = ""PAT-D7BD154F00""; /member_id = ""MEM-D7BD154F00""; /coverage/member_id = ""MEM-MISMATCH""",Resolve the patient/member mismatch using the authoritative records.,Rule R004 failed because patient or member identifiers do not match coverage. The evidence shows /coverage/beneficiary_patient_id is PAT-D7BD154F00 and /coverage/member_id is MEM-MISMATCH. Resolve the patient/member mismatch using the authoritative records.,,,,,,,
S077,FW-09,R013,FAIL,Quantity or unit price violates the fictional limits.,"/lines/0/quantity = 1; /lines/0/unit_price = 2210; /lines/0/service_code = ""SVC-IMAGE""",Verify the billed quantity and price against the fictional limits.,Rule R013 failed because quantity or unit price violates the fictional limits. The evidence shows /lines/0/quantity is 1 and /lines/0/unit_price is 2210. Verify the billed quantity and price against the fictional limits.,,,,,,,
S078,FW-12,R007,FAIL,Line net amount does not equal quantity times unit price.,/lines/0/quantity = 2; /lines/0/unit_price = 400; /lines/0/net_amount = 811; /lines/1/quantity = 1; /lines/1/unit_price = 260; /lines/1/net_amount = 260; /lines/2/quantity = 1; /lines/2/unit_price = 1500; /lines/2/net_amount = 1500,"Check quantity, unit price and line amount; preserve the original values in the audit record.","Rule R007 failed because line net amount does not equal quantity times unit price. The evidence shows /lines/0/net_amount is 811 and /lines/0/quantity times /lines/0/unit_price is 800. Check quantity, unit price and line amount; preserve the original values in the audit record.",,,,,,,
S079,FW-01,R002,FAIL,Service date is after the submission date.,"/submission_date = ""2026-04-17""; /lines/0/service_date = ""2026-04-18""; /lines/1/service_date = ""2026-04-18""; /lines/2/service_date = ""2026-04-18""",Verify and correct dates against the original record.,Rule R002 failed because the service date is after the submission date.,,,,,,,
S080,FW-08,R014,FAIL,Submission window exceeded.,"/submission_date = ""2026-06-28""; /policy_id = ""EDU-BASIC""; /lines/0/service_date = ""2026-05-28""",Review the submission dates and any exception with a human reviewer.,Rule R014 failed because the submission window has been exceeded. The evidence shows /submission_date is 2026-06-28 and /lines/0/service_date is 2026-05-28. Review the submission dates and any exception with a human reviewer.,,,,,,,
S081,FW-09,R013,FAIL,Quantity or unit price violates the fictional limits.,"/lines/0/quantity = 1; /lines/0/unit_price = 2210; /lines/0/service_code = ""SVC-IMAGE""",Verify the billed quantity and price against the fictional limits.,Rule R013 failed because quantity or unit price violates the fictional limits. The evidence shows /lines/0/quantity is 1 and /lines/0/unit_price is 2210. Verify the billed quantity and price against the fictional limits.,,,,,,,
S082,FW-07,R012,FAIL,Claim total does not equal the sum of line amounts.,/total_amount = 225; /lines/0/net_amount = 200,Reconcile the claim total with the submitted line amounts.,Rule R012 failed because the claim total does not equal the sum of line amounts. The evidence shows /total_amount is 225 and /lines/0/net_amount is 200. Reconcile the claim total with the submitted line amounts.,,,,,,,
S083,FW-01,R002,FAIL,Service date is after the submission date.,"/submission_date = ""2026-04-17""; /lines/0/service_date = ""2026-04-18""; /lines/1/service_date = ""2026-04-18""; /lines/2/service_date = ""2026-04-18""",Verify and correct dates against the original record.,Rule R002 failed because the service date is after the submission date.,,,,,,,
S084,FW-09,R013,FAIL,Quantity or unit price violates the fictional limits.,"/lines/0/quantity = 1; /lines/0/unit_price = 2210; /lines/0/service_code = ""SVC-IMAGE""",Verify the billed quantity and price against the fictional limits.,Rule R013 failed because quantity or unit price violates the fictional limits. The evidence shows /lines/0/quantity is 1 and /lines/0/unit_price is 2210. Verify the billed quantity and price against the fictional limits.,,,,,,,
S085,FW-03,R005,FAIL,Provider is not in the allowed network.,"/provider_id = ""EDU-PROV-OUT""; /policy_id = ""EDU-BASIC""",Verify provider identity and the applicable fictional network list.,Rule R005 failed because the provider is not in the allowed network. The evidence shows /provider_id is EDU-PROV-OUT. Verify provider identity and the applicable fictional network list.,,,,,,,
S086,FW-02,R004,FAIL,Patient or member identifiers do not match coverage.,"/patient_id = ""PAT-D7BD154F00""; /coverage/beneficiary_patient_id = ""PAT-D7BD154F00""; /member_id = ""MEM-D7BD154F00""; /coverage/member_id = ""MEM-MISMATCH""",Resolve the patient/member mismatch using the authoritative records.,Rule R004 failed because patient or member identifiers do not match coverage. The evidence shows /coverage/beneficiary_patient_id is PAT-D7BD154F00 and /coverage/member_id is MEM-MISMATCH. Resolve the patient/member mismatch using the authoritative records.,,,,,,,
S087,FW-08,R014,FAIL,Submission window exceeded.,"/submission_date = ""2026-06-28""; /policy_id = ""EDU-BASIC""; /lines/0/service_date = ""2026-05-28""",Review the submission dates and any exception with a human reviewer.,Rule R014 failed because the submission window has been exceeded. The evidence shows /submission_date is 2026-06-28 and /lines/0/service_date is 2026-05-28. Review the submission dates and any exception with a human reviewer.,,,,,,,
S088,FW-01,R002,FAIL,Service date is after the submission date.,"/submission_date = ""2026-04-17""; /lines/0/service_date = ""2026-04-18""; /lines/1/service_date = ""2026-04-18""; /lines/2/service_date = ""2026-04-18""",Verify and correct dates against the original record.,Rule R002 failed because the service date is after the submission date. The evidence shows /lines/0/service_date is 2026-04-18 and /submission_date is 2026-04-17. Verify and correct dates against the original record.,,,,,,,
S089,FW-06,R009,FAIL,Authorization record does not match the service.,"/policy_id = ""EDU-PLUS""; /lines/0/service_code = ""SVC-THERAPY""; /lines/0/authorization_id = ""AUTH-CG-504837A43A5E-1""; /lines/0/service_date = ""2026-04-25""","Obtain or verify the applicable approval and its dates, service and quantity.","Rule R009 failed because the authorization record does not match the service. The evidence shows /lines/0/authorization_id is AUTH-CG-504837A43A5E-1 and /lines/0/service_code is SVC-THERAPY. Obtain or verify the applicable approval and its dates, service and quantity.",,,,,,,
S090,FW-02,R004,FAIL,Patient or member identifiers do not match coverage.,"/patient_id = ""PAT-D7BD154F00""; /coverage/beneficiary_patient_id = ""PAT-D7BD154F00""; /member_id = ""MEM-D7BD154F00""; /coverage/member_id = ""MEM-MISMATCH""",Resolve the patient/member mismatch using the authoritative records.,Rule R004 failed because patient or member identifiers do not match coverage. The evidence shows /coverage/member_id is MEM-MISMATCH. Resolve the patient/member mismatch using the authoritative records.,,,,,,,
S091,FW-05,R008,FAIL,Required authorization reference is missing.,"/lines/0/service_code = ""SVC-IMAGE""; /lines/0/authorization_id = null",Request the authorization reference or escalate its absence.,Rule R008 failed because the required authorization reference is missing. The evidence shows /lines/0/authorization_id is null. Request the authorization reference or escalate its absence.,,,,,,,
S092,FW-07,R012,FAIL,Claim total does not equal the sum of line amounts.,/total_amount = 225; /lines/0/net_amount = 200,Reconcile the claim total with the submitted line amounts.,Rule R012 failed because the claim total does not equal the sum of line amounts.,,,,,,,
S093,FW-08,R014,FAIL,Submission window exceeded.,"/submission_date = ""2026-06-28""; /policy_id = ""EDU-BASIC""; /lines/0/service_date = ""2026-05-28""",Review the submission dates and any exception with a human reviewer.,Rule R014 failed because the submission window has been exceeded. The evidence shows /submission_date is 2026-06-28 and /lines/0/service_date is 2026-05-28. Review the submission dates and any exception with a human reviewer.,,,,,,,
S094,FW-03,R005,FAIL,Provider is not in the allowed network.,"/provider_id = ""EDU-PROV-OUT""; /policy_id = ""EDU-BASIC""",Verify provider identity and the applicable fictional network list.,Rule R005 failed because the provider is not in the allowed network. The evidence shows /provider_id is EDU-PROV-OUT. Verify provider identity and the applicable fictional network list.,,,,,,,
S095,FW-01,R002,FAIL,Service date is after the submission date.,"/submission_date = ""2026-04-17""; /lines/0/service_date = ""2026-04-18""; /lines/1/service_date = ""2026-04-18""; /lines/2/service_date = ""2026-04-18""",Verify and correct dates against the original record.,Rule R002 failed because the service date is after the submission date.,,,,,,,
S096,FW-07,R012,FAIL,Claim total does not equal the sum of line amounts.,/total_amount = 225; /lines/0/net_amount = 200,Reconcile the claim total with the submitted line amounts.,Rule R012 failed because the claim total does not equal the sum of line amounts. The evidence shows /total_amount is 225 and /lines/0/net_amount is 200. Reconcile the claim total with the submitted line amounts.,,,,,,,
S097,FW-08,R014,FAIL,Submission window exceeded.,"/submission_date = ""2026-06-28""; /policy_id = ""EDU-BASIC""; /lines/0/service_date = ""2026-05-28""",Review the submission dates and any exception with a human reviewer.,Rule R014 failed because the submission window has been exceeded. The evidence shows /submission_date is 2026-06-28 and /lines/0/service_date is 2026-05-28. Review the submission dates and any exception with a human reviewer.,,,,,,,
S098,FW-09,R013,FAIL,Quantity or unit price violates the fictional limits.,"/lines/0/quantity = 1; /lines/0/unit_price = 2210; /lines/0/service_code = ""SVC-IMAGE""",Verify the billed quantity and price against the fictional limits.,Rule R013 failed because quantity or unit price violates the fictional limits. The evidence shows /lines/0/quantity is 1 and /lines/0/unit_price is 2210. Verify the billed quantity and price against the fictional limits.,,,,,,,
S099,FW-12,R007,FAIL,Line net amount does not equal quantity times unit price.,/lines/0/quantity = 2; /lines/0/unit_price = 400; /lines/0/net_amount = 811; /lines/1/quantity = 1; /lines/1/unit_price = 260; /lines/1/net_amount = 260; /lines/2/quantity = 1; /lines/2/unit_price = 1500; /lines/2/net_amount = 1500,"Check quantity, unit price and line amount; preserve the original values in the audit record.","Rule R007 failed because line net amount does not equal quantity times unit price. The evidence shows /lines/0/net_amount is 811 and /lines/0/quantity times /lines/0/unit_price is 800. Check quantity, unit price and line amount.",,,,,,,
S100,FW-04,R006,FAIL,Possible duplicate lines require review.,"/lines/0/service_code = ""SVC-LAB""; /lines/0/service_date = ""2026-05-08""; /lines/0/modifier = null; /lines/2/service_code = ""SVC-LAB""; /lines/2/service_date = ""2026-05-08""; /lines/2/modifier = null",Ask the reviewer whether repeated lines represent separate documented services.,"Rule R006 failed because possible duplicate lines require review. The evidence shows /lines/0/ service_code is SVC-LAB, /lines/0/service_date is 2026-05-08, /lines/2/service_code is SVC-LAB, and /lines/2/service_date is 2026-05-08. Ask the reviewer whether repeated lines represent separate documented services.",,,,,,,
S101,FW-02,R004,FAIL,Patient or member identifiers do not match coverage.,"/patient_id = ""PAT-D7BD154F00""; /coverage/beneficiary_patient_id = ""PAT-D7BD154F00""; /member_id = ""MEM-D7BD154F00""; /coverage/member_id = ""MEM-MISMATCH""",Resolve the patient/member mismatch using the authoritative records.,Rule R004 failed because patient or member identifiers do not match coverage. The evidence shows /coverage/beneficiary_patient_id is PAT-D7BD154F00 and /coverage/member_id is MEM-MISMATCH. Resolve the patient/member mismatch using the authoritative records.,,,,,,,
S102,FW-03,R005,FAIL,Provider is not in the allowed network.,"/provider_id = ""EDU-PROV-OUT""; /policy_id = ""EDU-BASIC""",Verify provider identity and the applicable fictional network list.,Rule R005 failed because the provider is not in the allowed network. The evidence shows /provider_id is EDU-PROV-OUT. Verify provider identity and the applicable fictional network list.,,,,,,,
S103,FW-11,R003,UNABLE_TO_ASSESS,coverage period,"/coverage/status = ""active""; /coverage/start_date = ""2026-01-01""; /coverage/end_date = null; /lines/0/service_date = ""2026-05-09""; /lines/1/service_date = ""2026-05-09""",Verify coverage applicable on the service date with the source records.,Rule R003 could not be assessed because the coverage period is missing. The evidence shows /coverage/end_date is null. Verify coverage applicable on the service date with the source records.,,,,,,,
S104,FW-03,R005,FAIL,Provider is not in the allowed network.,"/provider_id = ""EDU-PROV-OUT""; /policy_id = ""EDU-BASIC""",Verify provider identity and the applicable fictional network list.,Rule R005 failed because the provider is not in the allowed network. The evidence shows /provider_id is EDU-PROV-OUT. Verify provider identity and the applicable fictional network list.,,,,,,,
S105,FW-08,R014,FAIL,Submission window exceeded.,"/submission_date = ""2026-06-28""; /policy_id = ""EDU-BASIC""; /lines/0/service_date = ""2026-05-28""",Review the submission dates and any exception with a human reviewer.,Rule R014 failed because the submission window has been exceeded. The evidence shows /submission_date is 2026-06-28 and /lines/0/service_date is 2026-05-28. Review the submission dates and any exception with a human reviewer.,,,,,,,
S106,FW-01,R002,FAIL,Service date is after the submission date.,"/submission_date = ""2026-04-17""; /lines/0/service_date = ""2026-04-18""; /lines/1/service_date = ""2026-04-18""; /lines/2/service_date = ""2026-04-18""",Verify and correct dates against the original record.,Rule R002 failed because the service date is after the submission date.,,,,,,,
S107,FW-08,R014,FAIL,Submission window exceeded.,"/submission_date = ""2026-06-28""; /policy_id = ""EDU-BASIC""; /lines/0/service_date = ""2026-05-28""",Review the submission dates and any exception with a human reviewer.,Rule R014 failed because the submission window has been exceeded. The evidence shows /submission_date is 2026-06-28 and /lines/0/service_date is 2026-05-28. Review the submission dates and any exception with a human reviewer.,,,,,,,
S108,FW-04,R006,FAIL,Possible duplicate lines require review.,"/lines/0/service_code = ""SVC-LAB""; /lines/0/service_date = ""2026-05-08""; /lines/0/modifier = null; /lines/2/service_code = ""SVC-LAB""; /lines/2/service_date = ""2026-05-08""; /lines/2/modifier = null",Ask the reviewer whether repeated lines represent separate documented services.,"Rule R006 failed because possible duplicate lines require review. The evidence shows /lines/0/ service_code is SVC-LAB, /lines/0/service_date is 2026-05-08, /lines/2/service_code is SVC-LAB, and /lines/2/service_date is 2026-05-08. Ask the reviewer whether repeated lines represent separate documented services.",,,,,,,
S109,FW-08,R014,FAIL,Submission window exceeded.,"/submission_date = ""2026-06-28""; /policy_id = ""EDU-BASIC""; /lines/0/service_date = ""2026-05-28""",Review the submission dates and any exception with a human reviewer.,Rule R014 failed because the submission window has been exceeded. The evidence shows /submission_date is 2026-06-28 and /lines/0/service_date is 2026-05-28. Review the submission dates and any exception with a human reviewer.,,,,,,,
S110,FW-12,R007,FAIL,Line net amount does not equal quantity times unit price.,/lines/0/quantity = 2; /lines/0/unit_price = 400; /lines/0/net_amount = 811; /lines/1/quantity = 1; /lines/1/unit_price = 260; /lines/1/net_amount = 260; /lines/2/quantity = 1; /lines/2/unit_price = 1500; /lines/2/net_amount = 1500,"Check quantity, unit price and line amount; preserve the original values in the audit record.","Rule R007 failed because line net amount does not equal quantity times unit price. The evidence shows /lines/0/net_amount is 811 and /lines/0/quantity times /lines/0/unit_price is 800. Check quantity, unit price and line amount.",,,,,,,
S111,FW-05,R008,FAIL,Required authorization reference is missing.,"/lines/0/service_code = ""SVC-IMAGE""; /lines/0/authorization_id = null",Request the authorization reference or escalate its absence.,Rule R008 failed because the required authorization reference is missing. The evidence shows /lines/0/authorization_id is null. Request the authorization reference or escalate its absence.,,,,,,,
S112,FW-10,R010,UNABLE_TO_ASSESS,Only draft or uncertain matching documentation is available.,"/attachments = [{""attachment_id"": ""DOC-CG-EA67D7790FF1-1"", ""type"": ""imaging-report"", ""patient_id"": ""PAT-A540569664"", ""service_code"": ""SVC-IMAGE"", ""service_date"": ""2026-03-20"", ""document_status"": ""draft"", ""text"": ""SYNTHETIC: SVC-IMAGE completed on 2026-03-20; record for training only.""}]; /lines/0/service_code = ""SVC-IMAGE""; /lines/0/service_date = ""2026-03-20""",Request the correct final supporting document or send the draft for human review.,"Rule R010 could not be assessed because only draft or uncertain matching documentation is available. The evidence shows /attachments is [{""attachment_id"": ""DOC-CG-EA67D7790FF1-1"", ""type"": ""imaging-report"", ""patient_id"": ""PAT-A540569664"", ""service_code"": ""SVC-IMAGE"", ""service_date"": ""2026-03-20"", ""document_status"": ""draft"", ""text"": ""SYNTHETIC: SVC-IMAGE completed on 2026-03-20; record for training only.""}] and /lines/0/service_date is 2026-03-20. Request the correct final supporting document or send the draft for human review.",,,,,,,
S113,FW-03,R005,FAIL,Provider is not in the allowed network.,"/provider_id = ""EDU-PROV-OUT""; /policy_id = ""EDU-BASIC""",Verify provider identity and the applicable fictional network list.,Rule R005 failed because the provider is not in the allowed network. The evidence shows /provider_id is EDU-PROV-OUT. Verify provider identity and the applicable fictional network list.,,,,,,,
S114,FW-10,R010,UNABLE_TO_ASSESS,Only draft or uncertain matching documentation is available.,"/attachments = [{""attachment_id"": ""DOC-CG-EA67D7790FF1-1"", ""type"": ""imaging-report"", ""patient_id"": ""PAT-A540569664"", ""service_code"": ""SVC-IMAGE"", ""service_date"": ""2026-03-20"", ""document_status"": ""draft"", ""text"": ""SYNTHETIC: SVC-IMAGE completed on 2026-03-20; record for training only.""}]; /lines/0/service_code = ""SVC-IMAGE""; /lines/0/service_date = ""2026-03-20""",Request the correct final supporting document or send the draft for human review.,"Rule R010 could not be assessed because only draft or uncertain matching documentation is available. The evidence shows /attachments is [{""attachment_id"": ""DOC-CG-EA67D7790FF1-1"", ""type"": ""imaging-report"", ""patient_id"": ""PAT-A540569664"", ""service_code"": ""SVC-IMAGE"", ""service_date"": ""2026-03-20"", ""document_status"": ""draft"", ""text"": ""SYNTHETIC: SVC-IMAGE completed on 2026-03-20; record for training only.""}] and /lines/0/service_date is 2026-03-20. Request the correct final supporting document or send the draft for human review.",,,,,,,
S115,FW-12,R007,FAIL,Line net amount does not equal quantity times unit price.,/lines/0/quantity = 2; /lines/0/unit_price = 400; /lines/0/net_amount = 811; /lines/1/quantity = 1; /lines/1/unit_price = 260; /lines/1/net_amount = 260; /lines/2/quantity = 1; /lines/2/unit_price = 1500; /lines/2/net_amount = 1500,"Check quantity, unit price and line amount; preserve the original values in the audit record.","Rule R007 failed because line net amount does not equal quantity times unit price. The evidence shows /lines/0/net_amount is 811 and /lines/0/quantity times /lines/0/unit_price is 800. Check quantity, unit price and line amount; preserve the original values in the audit record.",,,,,,,
S116,FW-11,R003,UNABLE_TO_ASSESS,coverage period,"/coverage/status = ""active""; /coverage/start_date = ""2026-01-01""; /coverage/end_date = null; /lines/0/service_date = ""2026-05-09""; /lines/1/service_date = ""2026-05-09""",Verify coverage applicable on the service date with the source records.,Rule R003 could not be assessed because the coverage period is missing. The evidence shows /coverage/end_date is null. Verify coverage applicable on the service date with the source records.,,,,,,,
S117,FW-06,R009,FAIL,Authorization record does not match the service.,"/policy_id = ""EDU-PLUS""; /lines/0/service_code = ""SVC-THERAPY""; /lines/0/authorization_id = ""AUTH-CG-504837A43A5E-1""; /lines/0/service_date = ""2026-04-25""","Obtain or verify the applicable approval and its dates, service and quantity.","Rule R009 failed because the authorization record does not match the service. The evidence shows /lines/0/authorization_id is AUTH-CG-504837A43A5E-1 and /lines/0/service_code is SVC-THERAPY. Obtain or verify the applicable approval and its dates, service and quantity.",,,,,,,
S118,FW-06,R009,FAIL,Authorization record does not match the service.,"/policy_id = ""EDU-PLUS""; /lines/0/service_code = ""SVC-THERAPY""; /lines/0/authorization_id = ""AUTH-CG-504837A43A5E-1""; /lines/0/service_date = ""2026-04-25""","Obtain or verify the applicable approval and its dates, service and quantity.","Rule R009 failed because the authorization record does not match the service. The evidence shows /lines/0/authorization_id is AUTH-CG-504837A43A5E-1 and /lines/0/service_code is SVC-THERAPY. Obtain or verify the applicable approval and its dates, service and quantity.",,,,,,,
S119,FW-06,R009,FAIL,Authorization record does not match the service.,"/policy_id = ""EDU-PLUS""; /lines/0/service_code = ""SVC-THERAPY""; /lines/0/authorization_id = ""AUTH-CG-504837A43A5E-1""; /lines/0/service_date = ""2026-04-25""","Obtain or verify the applicable approval and its dates, service and quantity.","Rule R009 failed because the authorization record does not match the service. The evidence shows /lines/0/authorization_id is AUTH-CG-504837A43A5E-1 and /lines/0/service_code is SVC-THERAPY. Obtain or verify the applicable approval and its dates, service and quantity.",,,,,,,
S120,FW-04,R006,FAIL,Possible duplicate lines require review.,"/lines/0/service_code = ""SVC-LAB""; /lines/0/service_date = ""2026-05-08""; /lines/0/modifier = null; /lines/2/service_code = ""SVC-LAB""; /lines/2/service_date = ""2026-05-08""; /lines/2/modifier = null",Ask the reviewer whether repeated lines represent separate documented services.,"Rule R006 failed because possible duplicate lines require review. The evidence shows /lines/0/ service_code is SVC-LAB, /lines/0/ service_date is 2026-05-08, /lines/2/ service_code is SVC-LAB, and /lines/2/ service_date is 2026-05-08. Ask the reviewer whether repeated lines represent separate documented services.",,,,,,,
S121,FW-01,R002,FAIL,Service date is after the submission date.,"/submission_date = ""2026-04-17""; /lines/0/service_date = ""2026-04-18""; /lines/1/service_date = ""2026-04-18""; /lines/2/service_date = ""2026-04-18""",Verify and correct dates against the original record.,Rule R002 failed because the service date is after the submission date.,,,,,,,
S122,FW-09,R013,FAIL,Quantity or unit price violates the fictional limits.,"/lines/0/quantity = 1; /lines/0/unit_price = 2210; /lines/0/service_code = ""SVC-IMAGE""",Verify the billed quantity and price against the fictional limits.,Rule R013 failed because quantity or unit price violates the fictional limits. The evidence shows /lines/0/quantity is 1 and /lines/0/unit_price is 2210. Verify the billed quantity and price against the fictional limits.,,,,,,,
S123,FW-07,R012,FAIL,Claim total does not equal the sum of line amounts.,/total_amount = 225; /lines/0/net_amount = 200,Reconcile the claim total with the submitted line amounts.,Rule R012 failed because the claim total does not equal the sum of line amounts.,,,,,,,
S124,FW-02,R004,FAIL,Patient or member identifiers do not match coverage.,"/patient_id = ""PAT-D7BD154F00""; /coverage/beneficiary_patient_id = ""PAT-D7BD154F00""; /member_id = ""MEM-D7BD154F00""; /coverage/member_id = ""MEM-MISMATCH""",Resolve the patient/member mismatch using the authoritative records.,Rule R004 failed because patient or member identifiers do not match coverage. The evidence shows /coverage/beneficiary_patient_id is PAT-D7BD154F00 and /coverage/member_id is MEM-MISMATCH. Resolve the patient/member mismatch using the authoritative records.,,,,,,,
S125,FW-05,R008,FAIL,Required authorization reference is missing.,"/lines/0/service_code = ""SVC-IMAGE""; /lines/0/authorization_id = null",Request the authorization reference or escalate its absence.,Rule R008 failed because the required authorization reference is missing. The evidence shows /lines/0/authorization_id is null. Request the authorization reference or escalate its absence.,,,,,,,
S126,FW-11,R003,UNABLE_TO_ASSESS,coverage period,"/coverage/status = ""active""; /coverage/start_date = ""2026-01-01""; /coverage/end_date = null; /lines/0/service_date = ""2026-05-09""; /lines/1/service_date = ""2026-05-09""",Verify coverage applicable on the service date with the source records.,Rule R003 could not be assessed because the coverage period is missing. The evidence shows /coverage/end_ate is null. Verify coverage applicable on the service date with the source records.,,,,,,,
S127,FW-05,R008,FAIL,Required authorization reference is missing.,"/lines/0/service_code = ""SVC-IMAGE""; /lines/0/authorization_id = null",Request the authorization reference or escalate its absence.,Rule R008 failed because the required authorization reference is missing. The evidence shows /lines/0/authorization_id is null. Request the authorization reference or escalate its absence.,,,,,,,
S128,FW-05,R008,FAIL,Required authorization reference is missing.,"/lines/0/service_code = ""SVC-IMAGE""; /lines/0/authorization_id = null",Request the authorization reference or escalate its absence.,Rule R008 failed because the required authorization reference is missing. The evidence shows /lines/0/authorization_id is null. Request the authorization reference or escalate its absence.,,,,,,,
S129,FW-05,R008,FAIL,Required authorization reference is missing.,"/lines/0/service_code = ""SVC-IMAGE""; /lines/0/authorization_id = null",Request the authorization reference or escalate its absence.,Rule R008 failed because the required authorization reference is missing. The evidence shows /lines/0/authorization_id is null. Request the authorization reference or escalate its absence.,,,,,,,
S130,FW-12,R007,FAIL,Line net amount does not equal quantity times unit price.,/lines/0/quantity = 2; /lines/0/unit_price = 400; /lines/0/net_amount = 811; /lines/1/quantity = 1; /lines/1/unit_price = 260; /lines/1/net_amount = 260; /lines/2/quantity = 1; /lines/2/unit_price = 1500; /lines/2/net_amount = 1500,"Check quantity, unit price and line amount; preserve the original values in the audit record.","Rule R007 failed because line net amount does not equal quantity times unit price. The evidence shows /lines/0/quantity is 2, /lines/0/unit_price is 400, and /lines/0/net_amount is 811. Check quantity, unit price and line amount.",,,,,,,
S131,FW-08,R014,FAIL,Submission window exceeded.,"/submission_date = ""2026-06-28""; /policy_id = ""EDU-BASIC""; /lines/0/service_date = ""2026-05-28""",Review the submission dates and any exception with a human reviewer.,Rule R014 failed because the submission window has been exceeded. The evidence shows /submission_date is 2026-06-28 and /lines/0/service_date is 2026-05-28. Review the submission dates and any exception with a human reviewer.,,,,,,,
S132,FW-08,R014,FAIL,Submission window exceeded.,"/submission_date = ""2026-06-28""; /policy_id = ""EDU-BASIC""; /lines/0/service_date = ""2026-05-28""",Review the submission dates and any exception with a human reviewer.,Rule R014 failed because the submission window has been exceeded. The evidence shows /submission_date is 2026-06-28 and /lines/0/service_date is 2026-05-28. Review the submission dates and any exception with a human reviewer.,,,,,,,
S133,FW-04,R006,FAIL,Possible duplicate lines require review.,"/lines/0/service_code = ""SVC-LAB""; /lines/0/service_date = ""2026-05-08""; /lines/0/modifier = null; /lines/2/service_code = ""SVC-LAB""; /lines/2/service_date = ""2026-05-08""; /lines/2/modifier = null",Ask the reviewer whether repeated lines represent separate documented services.,"Rule R006 failed because possible duplicate lines require review. The evidence shows /lines/0/ service_code is SVC-LAB, /lines/0/service_date is 2026-05-08, /lines/2/service_code is SVC-LAB, and /lines/2/service_date is 2026-05-08. Ask the reviewer whether repeated lines represent separate documented services.",,,,,,,
S134,FW-06,R009,FAIL,Authorization record does not match the service.,"/policy_id = ""EDU-PLUS""; /lines/0/service_code = ""SVC-THERAPY""; /lines/0/authorization_id = ""AUTH-CG-504837A43A5E-1""; /lines/0/service_date = ""2026-04-25""","Obtain or verify the applicable approval and its dates, service and quantity.","Rule R009 failed because the authorization record does not match the service. The evidence shows /lines/0/authorization_id is AUTH-CG-504837A43A5E-1 and /lines/0/service_code is SVC-THERAPY. Obtain or verify the applicable approval and its dates, service and quantity.",,,,,,,
S135,FW-11,R003,UNABLE_TO_ASSESS,coverage period,"/coverage/status = ""active""; /coverage/start_date = ""2026-01-01""; /coverage/end_date = null; /lines/0/service_date = ""2026-05-09""; /lines/1/service_date = ""2026-05-09""",Verify coverage applicable on the service date with the source records.,Rule R003 could not be assessed because the coverage period is missing. The evidence shows /coverage/end_ate is null. Verify coverage applicable on the service date with the source records.,,,,,,,
S136,FW-04,R006,FAIL,Possible duplicate lines require review.,"/lines/0/service_code = ""SVC-LAB""; /lines/0/service_date = ""2026-05-08""; /lines/0/modifier = null; /lines/2/service_code = ""SVC-LAB""; /lines/2/service_date = ""2026-05-08""; /lines/2/modifier = null",Ask the reviewer whether repeated lines represent separate documented services.,Rule R006 failed because possible duplicate lines require review.,,,,,,,
S137,FW-03,R005,FAIL,Provider is not in the allowed network.,"/provider_id = ""EDU-PROV-OUT""; /policy_id = ""EDU-BASIC""",Verify provider identity and the applicable fictional network list.,Rule R005 failed because the provider is not in the allowed network. The evidence shows /provider_id is EDU-PROV-OUT. Verify provider identity and the applicable fictional network list.,,,,,,,
S138,FW-01,R002,FAIL,Service date is after the submission date.,"/submission_date = ""2026-04-17""; /lines/0/service_date = ""2026-04-18""; /lines/1/service_date = ""2026-04-18""; /lines/2/service_date = ""2026-04-18""",Verify and correct dates against the original record.,Rule R002 failed because the service date is after the submission date. The evidence shows /lines/0/service_date is 2026-04-18 and /submission_date is 2026-04-17. Verify and correct dates against the original record.,,,,,,,
S139,FW-08,R014,FAIL,Submission window exceeded.,"/submission_date = ""2026-06-28""; /policy_id = ""EDU-BASIC""; /lines/0/service_date = ""2026-05-28""",Review the submission dates and any exception with a human reviewer.,Rule R014 failed because the submission window has been exceeded. The evidence shows /submission_date is 2026-06-28 and /lines/0/service_date is 2026-05-28. Review the submission dates and any exception with a human reviewer.,,,,,,,
S140,FW-02,R004,FAIL,Patient or member identifiers do not match coverage.,"/patient_id = ""PAT-D7BD154F00""; /coverage/beneficiary_patient_id = ""PAT-D7BD154F00""; /member_id = ""MEM-D7BD154F00""; /coverage/member_id = ""MEM-MISMATCH""",Resolve the patient/member mismatch using the authoritative records.,Rule R004 failed because patient or member identifiers do not match coverage. The evidence shows /coverage/member_id is MEM-MISMATCH. Resolve the patient/member mismatch using the authoritative records.,,,,,,,
S141,FW-11,R003,UNABLE_TO_ASSESS,coverage period,"/coverage/status = ""active""; /coverage/start_date = ""2026-01-01""; /coverage/end_date = null; /lines/0/service_date = ""2026-05-09""; /lines/1/service_date = ""2026-05-09""",Verify coverage applicable on the service date with the source records.,Rule R003 could not be assessed because the coverage period is missing. The evidence shows /coverage/end_ate is null. Verify coverage applicable on the service date with the source records.,,,,,,,
S142,FW-05,R008,FAIL,Required authorization reference is missing.,"/lines/0/service_code = ""SVC-IMAGE""; /lines/0/authorization_id = null",Request the authorization reference or escalate its absence.,Rule R008 failed because the required authorization reference is missing. The evidence shows /lines/0/authorization_id is null. Request the authorization reference or escalate its absence.,,,,,,,
S143,FW-03,R005,FAIL,Provider is not in the allowed network.,"/provider_id = ""EDU-PROV-OUT""; /policy_id = ""EDU-BASIC""",Verify provider identity and the applicable fictional network list.,Rule R005 failed because the provider is not in the allowed network. The evidence shows /provider_id is EDU-PROV-OUT. Verify provider identity and the applicable fictional network list.,,,,,,,
S144,FW-03,R005,FAIL,Provider is not in the allowed network.,"/provider_id = ""EDU-PROV-OUT""; /policy_id = ""EDU-BASIC""",Verify provider identity and the applicable fictional network list.,Rule R005 failed because the provider is not in the allowed network. The evidence shows /provider_id is EDU-PROV-OUT. Verify provider identity and the applicable fictional network list.,,,,,,,
S145,FW-10,R010,UNABLE_TO_ASSESS,Only draft or uncertain matching documentation is available.,"/attachments = [{""attachment_id"": ""DOC-CG-EA67D7790FF1-1"", ""type"": ""imaging-report"", ""patient_id"": ""PAT-A540569664"", ""service_code"": ""SVC-IMAGE"", ""service_date"": ""2026-03-20"", ""document_status"": ""draft"", ""text"": ""SYNTHETIC: SVC-IMAGE completed on 2026-03-20; record for training only.""}]; /lines/0/service_code = ""SVC-IMAGE""; /lines/0/service_date = ""2026-03-20""",Request the correct final supporting document or send the draft for human review.,Rule R010 could not be assessed because only draft or uncertain matching documentation is available. The evidence shows /attachments has a document_status of draft. Request the correct final supporting document or send the draft for human review.,,,,,,,
S146,FW-11,R003,UNABLE_TO_ASSESS,coverage period,"/coverage/status = ""active""; /coverage/start_date = ""2026-01-01""; /coverage/end_date = null; /lines/0/service_date = ""2026-05-09""; /lines/1/service_date = ""2026-05-09""",Verify coverage applicable on the service date with the source records.,Rule R003 could not be assessed because the coverage period is missing. The evidence shows /coverage/end_date is null. Verify coverage applicable on the service date with the source records.,,,,,,,
S147,FW-11,R003,UNABLE_TO_ASSESS,coverage period,"/coverage/status = ""active""; /coverage/start_date = ""2026-01-01""; /coverage/end_date = null; /lines/0/service_date = ""2026-05-09""; /lines/1/service_date = ""2026-05-09""",Verify coverage applicable on the service date with the source records.,Rule R003 could not be assessed because the coverage period is missing. The evidence shows /coverage/end_ate is null. Verify coverage applicable on the service date with the source records.,,,,,,,
S148,FW-09,R013,FAIL,Quantity or unit price violates the fictional limits.,"/lines/0/quantity = 1; /lines/0/unit_price = 2210; /lines/0/service_code = ""SVC-IMAGE""",Verify the billed quantity and price against the fictional limits.,Rule R013 failed because quantity or unit price violates the fictional limits. The evidence shows /lines/0/quantity is 1 and /lines/0/unit_price is 2210. Verify the billed quantity and price against the fictional limits.,,,,,,,
S149,FW-02,R004,FAIL,Patient or member identifiers do not match coverage.,"/patient_id = ""PAT-D7BD154F00""; /coverage/beneficiary_patient_id = ""PAT-D7BD154F00""; /member_id = ""MEM-D7BD154F00""; /coverage/member_id = ""MEM-MISMATCH""",Resolve the patient/member mismatch using the authoritative records.,Rule R004 failed because patient or member identifiers do not match coverage. The evidence shows /coverage/beneficiary_patient_id is PAT-D7BD154F00 and /coverage/member_id is MEM-MISMATCH. Resolve the patient/member mismatch using the authoritative records.,,,,,,,
S150,FW-06,R009,FAIL,Authorization record does not match the service.,"/policy_id = ""EDU-PLUS""; /lines/0/service_code = ""SVC-THERAPY""; /lines/0/authorization_id = ""AUTH-CG-504837A43A5E-1""; /lines/0/service_date = ""2026-04-25""","Obtain or verify the applicable approval and its dates, service and quantity.","Rule R009 failed because the authorization record does not match the service. The evidence shows /lines/0/authorization_id is AUTH-CG-504837A43A5E-1 and /lines/0/service_code is SVC-THERAPY. Obtain or verify the applicable approval and its dates, service and quantity.",,,,,,,
